output|İyi Akşamlar
output1|İyi Geceler
output2|Günaydın
output3|Pırasa
output4|Bana yardımcı olur musunuz ?
output5|Anlamıyorum
output6|Nasılsın
output7|Naber
output8|Kaç Yaşındasın
output9|Rica ederim.
output10|Üzgünüm.
output11|Afedersiniz.
output12|Her şey yolunda.
output13|Sorun değil.
output14|Merhaba !
output15|Selam !
output16|Selamlar
output17|İyi Günler
output18|Teşekkür ederim.
output19|Ağır ağır yürüyeceksin bu merdivenleri.
output20|Dikkat et.
output21|Acıktım
output22|Susadım
output23|Yorgunum
output24|Hastayım
output25|Bilmiyorum
output26|Tanıştığıma memnun oldum.
output27|Güle güle
output28|Bir saatten fazla bir süredir bekliyoruz.
output29|Paramı geri istiyorum !
output30|Bu tamamen kabul edilemez bir şey!
output31|Burada sorumlu kim ?
output32|Bir şikayette bulunmak istiyorum.
output33|Aynen öyle
output34|Aynen
output35|Kesinlikle
output36|Mükemmel
output37|Harika
output38|Çocukça
output39|Şelale
output40|Deyimler
output41|Rabia
output42|Râbia
output43|Cesurun Yükselişi
output44|Yağıp gürlemek
output45|Şikayet
output46|Masaüstü
output47|Falçata
output48|Parça
output49|Hakkı
output50|Çömez
output51|Şemsiye
output52|Bu bir test cümlesidir.
output53|Ölçü aletlerinin doğru kullanımı.
output54|Bir şişe şarap.
output55|Yolum düşer Fatsa'ya !
output56|Savaş Sanatı
output57|Difüzyon
output58|Çekirdek çitlemek
output59|Aradan çok yıllar geçti.
output60|Aba altında er yatar
output61|Acele ile menzil alınmaz
output62|Acele yürüyen yolda kalır
output63|Acı acıyı keser, su sancıyı
output64|Acı patlıcanı kırağı çalmaz
output65|Aç kurt aslana saldırır
output66|Açık yaraya tuz ekilmez
output67|Adam adamı bir kez aldatır
output68|Adam olana bir söz yeter
output69|Ağacı kurt, insanı dert yer
output70|Ağacın kurdu içinde olur
output71|Ağaç kökünden yıkılır
output72|Ağaç yaşken eğilir
output73|Ağaçtan maşa olmaz
output74|Ağır git ki yol alasın
output75|Ağır otur ki bey desinler
output76|Ağır kazan geç kaynar
output77|Ağlamakla yâr ele geçmez
output78|Ağrısız baş mezarda olur
output79|Akacak kan damarda durmaz
output80|Ak akçe kara gün içindir
output81|Akıl yaşta değil baştadır
output82|Al elmaya taş atan çok olur
output83|Alıcı kuşun ömrü az olur
output84|Allah kulunu kısmeti ile yaratır
output85|Altın yere düşmekle pul olmaz
output86|Altının kıymetini sarraf bilir
output87|Aman diyene kılıç kalkmaz
output88|Arı bal alacak çiçeği bilir
output89|Armut dalının dibine düşer
output90|Arpa eken buğday biçmez
output91|Asıl azmaz, bal kokmaz
output92|Aslan yatağından belli olur
output93|At binenin, kılıç kuşananın
output94|Ateş düştüğü yeri yakar
output95|Ava giden avlanır
output96|Ayağını yorganına göre uzat
output97|Az tamah çok ziyan getirir
output98|Bağı ağlayanın yüzü güler
output99|Bal tutan parmağını yalar
output100|Balık baştan avlanır
output101|Balık baştan kokar
output102|Bal tutan parmağını yalar
output103|Bal olan yerde sinek de olur
output104|Balta değmedik ağaç olmaz
output105|Başa gelmeyince bilinmez
output106|Bedava sirke baldan tatlıdır
output107|Bıçak kınını kesmez
output108|Bin tasa bir borç ödemez
output109|Bir çöplükte iki horoz  ötmez
output110|Boğaz dokuz boğumdur
output111|Borç yiğidin kamçısıdır
output112|Can boğazdan gelir
output113|Can canın yoldaşıdır
output114|Cana gelecek mala gelsin
output115|Canımı sokakta bulmadım
output116|Çıkmadık canda umut var
output117|Çıngıraklı deve kaybolmaz
output118|Çivi çıkar ama yeri kalır
output119|Çivi çiviyi söker
output120|Çocuk düşe kalka büyür
output121|Çoğu gitti, azı kaldı
output122|Çoğu zarar, azı karar
output123|Çok bilen çok yanılır
output124|Çok naz âşık usandırır
output125|Çul içinde aslan yatar
output126|Damlaya damlaya göl olur
output127|Delik büyük, yama küçük
output128|Dert ağlatır, aşk söyletir
output129|Dikensiz gül olmaz
output130|Doğru söz acıdır
output131|Dost acı söyler
output132|Dün öleni dün gömerler
output133|Eğilen baş kesilmez
output134|Eğreti ata binen tez iner
output135|Ekmek aslanın ağzında
output136|Ekmek istemez su istemez
output137|El için ağlayan gözden olur
output138|El kazanıyla aş kaynamaz
output139|Elçiye zeval olmaz
output140|Erken kalkan yol alır
output141|Etle tırnak arasına girilmez
output142|Etme bulma dünyası
output143|Ev alma, komşu al
output144|Geç olsun da güç olmasın
output145|Gelen gideni aratır
output146|Gelene git denilmez
output147|Güneş balçıkla sıvanmaz
output148|Hak yerini bulur
output149|Hamama giren terler
output150|Hastaya döşek sorulmaz
output151|Hatasız kul olmaz
output152|Her ağaçtan kaşık olmaz
output153|Her işte bir hayır vardır
output154|Her kuşun eti yenmez
output155|Herkes bildiğini okur
output156|Ismarlama hac, hac olmaz
output157|İbadet de gizli, kabahat de
output158|İki aslan bir posta sığmaz
output159|İki at bir kazığa bağlanmaz
output160|İki deliye bir uslu koymuşlar
output161|İki kaptan bir gemiyi batırır
output162|İki el, bir baş için
output163|İki emini bir yemin aralar
output164|İki kere iki dört eder
output165|İki ölç bir biç
output166|İnsan beşer, kuldur şaşar
output167|İnsan kıymetini insan bilir
output168|İp inceldiği yerden kopar
output169|İp koptuğu yerden bağlanır
output170|İş insanın aynasıdır
output171|İş olacağına varır
output172|İştah dişin dibindedir
output173|İyilik eden iyilik bulur
output174|İyilik iki baştan olur
output175|Kaçanın anası ağlamamış
output176|Kalaylı bakır küflenmez
output177|Kanaat gibi devlet olmaz
output178|Kar susuzluk kandırmaz
output179|Kavgada kılıç ödün vermez
output180|Kaza geliyorum demez
output181|Kepenek altında er yatar
output182|Kişi arkadaşından bellidir
output183|Kişi refikinden azar
output184|Korku dağları bekler
output185|Kör görmez sezer
output186|Kuş, kanadına kira istemez
output187|Laf lafı açar
output188|Laf torbaya girmez
output189|Lâfla peynir gemisi yürümez
output190|Mahkeme kadıya mülk değil
output191|Mal canın yongasıdır
output192|Malın iyisi boğazdan geçer
output193|Mart ayı dert ayı
output194|Mart çıkmadıkça dert bitmez
output195|Maymun gözünü açtı
output196|Mızrak çuvala sığmaz
output197|Mürüvvete endaze olmaz
output198|Ne ekersen onu biçersin
output199|Ne kokar ne bulaşır
output200|Ne od var ne ocak
output201|Ne şiş yansın ne kebap
output202|Ne yârdan geçilir ne serden
output203|Nerede hareket, orda bereket
output204|Oduncunun gözü omçada
output205|Ölüm Allah’ın emri
output206|Ölüm hak miras helal
output207|Ölümle öç alınmaz
output208|Papaz her gün pilav yemez
output209|Para parayı çeker
output210|Para peşin, kırmızı meşin
output211|Paranın yüzü sıcaktır
output212|Parayı veren düdüğü çalar
output213|Sabah ola, hayrola
output214|Sakınılan göze çöp batar
output215|Sakla samanı, gelir zamanı
output216|Sel gider, kum kalır
output217|Selam verdik, borçlu çıktık
output218|Serçeden korkan darı ekmez
output219|Su bulanmayınca durulmaz
output220|Su testisi su yolunda kırılır
output221|Taş yerinde ağırdır
output222|Taşı sıksa suyunu çıkarır
output223|Teşbihte hata olmaz
output224|Tok açın hâlinden bilmez
output225|Ucuz alan, pahalı alır
output226|Ummadığın taş baş yarar
output227|Yarası olan gocunur
output228|Yarım elma, gönül alma
output229|Yaş kesen baş keser
output230|Yel gibi gelen sel gibi gider
output231|Yeme de yanında yat
output232|Yiğit meydanda belli olur
output233|Yüz yüzden utanır
output234|Zahmetsiz rahmet olmaz
output235|Zor oyunu bozar
output236|Zorla güzellik olmaz
output237|Abayı sermek
output238|Abayı yakmak
output239|Açık kapı bırakmak
output240|Ağız değiştirmek
output241|Akla karayı seçmek
output242|Akla hayale gelmemek
output243|Aklına geleni yapmak
output244|Aklını peynir ekmekle yemek
output245|Aklından çıkarmamak
output246|Aralarından kara kedi geçmek
output247|Asıp kesmek
output248|Aşık atmak
output249|Ayakları geri geri gitmek
output250|Baklayı ağzından çıkarmak
output251|Balık kavağa çıkınca
output252|Bam teline basmak
output253|Benzine kan gelmek
output254|Bıyık altından gülmek
output255|Bindiği dalı kesmek
output256|Boyunun ölçüsünü almak
output257|Bozuk çalmak
output258|Buluttan nem kapmak
output259|Burnunda tütmek
output260|Burnundan kıl aldırmamak
output261|Can evinden vurmak
output262|Canı burnuna gelmek
output263|Canını dişine takmak
output264|Cendereye sokmak
output265|Çamura bulaşmak
output266|Çetele tutmak
output267|Çil yavrusu gibi dağılmak
output268|Çizgisinden sapmamak
output269|Çizmeyi aşmak
output270|Çorbada tuzu bulunmak
output271|Çürük tahtaya basmak
output272|Daldan dala konmak
output273|Dal gibi kalmak
output274|Deveye hendek atlatmak
output275|Dikiş tutturamamak
output276|Dil dökmek
output277|Dile getirmek
output278|Dilinde tüy bitmek
output279|Diline düşmek
output280|Dilini tutamamak
output281|Dört duvar arasından kalmak
output282|Dumanı tepesinden çıkmak
output283|Dut yemiş bülbüle dönmek
output284|Dünya başına yıkılmak
output285|Dünyalara değişmemek
output286|Dünyayı tozpembe görmek
output287|El ayak çekilmek
output288|El değiştirmek
output289|Elden düşürmemek
output290|Eli boş dönmek
output291|Esamisi okunmamak
output292|Eşiğine yüz sürmek
output293|Etekleri zil çalmak
output294|Eteğindeki taşı dökmek
output295|Etek öpmek
output296|Etliye sütlüye karışmamak
output297|Ezbere iş görmek
output298|Faka basmak
output299|Fareler cirit oynamak
output300|Ferman dinlememek
output301|Fincancı katırlarını ürkütmek
output302|Forsunu yitirmek
output303|Fos çıkmak
output304|Foyası meydana çıkmak
output305|Gafil avlamak
output306|Gam çekmek
output307|Gazel okumak
output308|Geceyi gündüze katmak
output309|Gemi azıya almak
output310|Gemisini yürütmek
output311|Gık dememek
output312|Gına gelmek
output313|Gırgıra almak
output314|Göbeği çatlamak
output315|Göğsü kabarmak
output316|Göğüs geçirmek
output317|Göklere çıkarmak
output318|Gölge düşürmek
output319|Gönül almak
output320|Göz boyamak
output321|Gözlerini fal taşı gibi açmak
output322|Göz nuru dökmek
output323|Gözü açılmak
output324|Gözünü dört açmak
output325|Halep oradaysa arşın burada
output326|Hacet kalmamak
output327|Hâlden anlamak
output328|Hâli kalmamak
output329|Hallaç pamuğu gibi atmak
output330|Hapı yutmak
output331|Havanda su dövmek
output332|Havsalası almamak
output333|Her boyaya girip çıkmak
output334|Her kafadan bir ses çıkmak
output335|Her telden çalmak
output336|Hevesi kalmamak
output337|Hevesi kursağında kalmak
output338|Hevesini almak
output339|Heyheyleri tutmak
output340|Huyuna suyuna gitmek
output341|Huyunu suyunu değiştirmek
output342|Hüsrana uğramak
output343|Icığını cıcığını çıkarmak
output344|Isıtıp ısıtıp önüne koymak
output345|Iskartaya çıkarmak
output346|Işık almak
output347|İbret almak
output348|İç açmak
output349|İç çekmek
output350|İçine kurt düşmek
output351|İçi açılmak
output352|İçi bayılmak
output353|İçi cız etmek
output354|İçi daralmak
output355|İçi dayanmamak
output356|İçi dışına çıkmak
output357|İçi erimek
output358|İçi gitmek
output359|İçi içine sığmamak
output360|İçi kan ağlamak
output361|İçi kazınmak
output362|İçi parçalanmak
output363|İçi rahat etmek
output364|İçi sızlamak
output365|İçi yanmak
output366|İçinden geçirmek
output367|İçinden gelmek
output368|İçine atmak
output369|İçine daralma gelmek
output370|İçine doğmak
output371|İçtikleri su ayrı gitmemek
output372|İçine kapanmak
output373|İçine kurt düşmek
output374|İçine sinmek
output375|İçini ısıtmak
output376|İçini karartmak
output377|İçini kemirmek
output378|İçini okumak
output379|İğne ile kuyu kazmak
output380|İğne ipliğe dönmek
output381|İki arada bir derede kalmak
output382|İki ateş arasında kalmak
output383|İki gözü iki çeşme ağlamak
output384|İnce eleyip sık dokumak
output385|İn cin top oynamak
output386|İpe sapa gelmemek
output387|İpe un sermek
output388|İpliği pazara çıkmak
output389|İpi koparmak
output390|İpin ucunu kaçırmak
output391|İple çekmek
output392|İstifini bozmamak
output393|İş başa düşmek
output394|İş çığırından çıkmak
output395|İş sarpa sarmak
output396|İşi aksi gitmek
output397|İşkembeden atmak
output398|İz bırakmak
output399|İzinden yürümek
output400|Jetonu geç düşmek
output401|Kabak başına patlamak
output402|Kabak tadı vermek
output403|Kabına sığmamak
output404|Kabir azabı çekmek
output405|Kabuğuna çekilmek
output406|Kafa patlatmak
output407|Kafa sallamak
output408|Kafası bozulmak
output409|Kafasına dank etmek
output410|Kafasına koymak
output411|Kâğıt üzerinde kalmak
output412|Kalburla su taşımak
output413|Kale almamak
output414|Kaleyi içinden fethetmek
output415|Kalıbını basmak
output416|Kalıbının adamı olmamak
output417|Kalıptan kalıba girmek
output418|Kanadı altına almak
output419|Kanat germek
output420|Kan beynine sıçramak
output421|Kancayı takmak
output422|Kan ter içinde kalmak
output423|Kapağı atmak
output424|Kapı aralamak
output425|Kapıda kalmak
output426|Kapıları kapamak
output427|Kapısını aşındırmak
output428|Kapıyı göstermek
output429|Kara çalmak
output430|Karıncayı bile ezmemek
output431|Karnı zil çalmak
output432|Kaş göz işareti yapmak
output433|Kaşık çalmak
output434|Kaşlarını çatmak
output435|Keli görünmek
output436|Kelleyi koltuğuna almak
output437|Kelleyi vermek
output438|Kemer sıkmak
output439|Kök söktürmek
output440|Kökünden halletmek
output441|Kökünü kazmak
output442|Kraldan çok kralcı olmak
output443|Kulağına girmemek
output444|Kulağına kar suyu kaçmak
output445|Kulak kesilmek
output446|Kulp takmak
output447|Kuş gibi çırpınmak
output448|Kuş uçurmamak
output449|Külahını ters giydirmek
output450|Külahları değişmek
output451|Küpünü doldurmak
output452|Kürek kadar dili olmak
output453|Laf altında kalmamak
output454|Laf işitmek
output455|Lafa karışmak
output456|Lafa tutmak
output457|Lokmasını saymak
output458|Lügat paralamak
output459|Mahalleyi ayağa kaldırmak
output460|Mantar gibi yerden bitmek
output461|Masal okumak
output462|Masrafa girmek
output463|Mekik dokumak
output464|Meteliğe kurşun atmak
output465|Metelik vermemek
output466|Meydan okumak
output467|Meydana çıkarmak
output468|Meydana getirmek
output469|Meydanı boş bulmak
output470|Mum tutturmak
output471|Mumla aramak
output472|Muradına ermek
output473|Mürekkep yalamak
output474|Nabzına göre şerbet vermek
output475|Nabzını tutmak
output476|Nabzını yoklamak
output477|Nefes aldırmamak
output478|Nefes tüketmek
output479|Nefesini tutup beklemek
output480|Ne oldum delisi olmak
output481|Not tutmak
output482|On paraya on takla atmak
output483|O tarakta bezi olmamak
output484|Oyuna gelmek
output485|Oyunun kurallarını bilmek
output486|Ölçüyü kaçırmak
output487|Ölümü göze almak
output488|Ömür çürütmek
output489|Ömrü vefa etmemek
output490|Ömrüne ömür katmak
output491|Öpüp başına koymak
output492|Pabucunu ters giydirmek
output493|Pabucu dama atılmak
output494|Paçaları sıvamak
output495|Paçayı kurtarmak
output496|Paha biçmek
output497|Pahalıya mal olmak
output498|Paniğe kapılmak
output499|Palavra atmak
output500|Para saçmak
output501|Parasını sokağa atmak
output502|Parasıyla rezil olmak
output503|Paraya kıymak
output504|Paraya para dememek
output505|Parmağı ağzında kalmak
output506|Parmağında oynatmak
output507|Parmak kaldırmak
output508|Parmak ısırmak
output509|Parmakla gösterilmek
output510|Papara yemek
output511|Patırtıya pabuç bırakmamak
output512|Parsayı başkası toplamak
output513|Pılı pırtıyı toplamak
output514|Pire için yorgan yakmak
output515|Pireyi deve yapmak
output516|Post elden gitmek
output517|Posta koymak
output518|Postu kurtarmak
output519|Pot kırmak
output520|Punduna getirmek
output521|Pusulayı şaşırmak
output522|Put kesilmek
output523|Rafa kaldırmak
output524|Rahat yüzü görmemek
output525|Rayına girmek
output526|Rengi atmak
output527|Renk vermemek
output528|Renkten renge girmek
output529|Rüzgâr ekip fırtına biçmek
output530|Rüzgârdan nem kapmak
output531|Saat gibi işlemek
output532|Saati saatine uymamak
output533|Sabrı taşmak
output534|Saçına ak düşmek
output535|Saçını başını yolmak
output536|Saçını süpürge etmek
output537|Sağ gösterip sol vurmak
output538|Safra bastırmak
output539|Sakalı ele vermek
output540|Sakalına kar yağmak
output541|Sallantıda bırakmak
output542|Sallantıda kalmak
output543|Saman altından su yürütmek
output544|Sarpa sarmak
output545|Sepet havası çalmak
output546|Sermayeyi kediye yüklemek
output547|Sevinci kursağında kalmak
output548|Sevinçten havalara uçmak
output549|Seyirci kalmak
output550|Sıfırdan başlamak
output551|Sıfırı tüketmek
output552|Sırra kadem basmak
output553|Sırtından geçinmek
output554|Sırtı yere gelmemek
output555|Kimse vazgeçilmez değil.
output556|Deniz kestanesi
output557|Kan kırmızısı
output558|Türkiye Cumhuriyeti
output559|Merhaba, nasılsınız?
output560|Bugün hava çok güzel.
output561|Ne yapıyorsun?
output562|Adın ne?
output563|Ben iyiyim, teşekkür ederim.
output564|Yardım eder misin?
output565|Beni anlıyor musun?
output566|Burası çok sessiz.
output567|Çok heyecanlıyım.
output568|İstanbul'u çok seviyorum.
output569|Bu akşam sinemaya gideceğiz.
output570|Sana nasıl yardımcı olabilirim?
output571|Siz nasılsınız?
output572|Yavaşça konuşur musun?
output573|Bu ne kadar güzel bir manzara.
output574|Bir fincan kahve alır mısın?
output575|Kütüphane nerede?
output576|Telefonumun şarjı bitiyor.
output577|Biraz daha yüksek sesle söyleyebilir misin?
output578|Öğle yemeğinde ne yedik?
output579|Saat kaç?
output580|Bana yol tarifi verebilir misin?
output581|Yeni bir şey öğrenmek çok güzel.
output582|Burası çok kalabalık.
output583|Bu kadar kolay mı?
output584|Hangi filmi izlemek istersin?
output585|Hava soğudu, montumu alayım.
output586|Dışarıda yağmur yağıyor.
output587|Bugün çok mutluyum.
output588|Kendine dikkat et.
output589|Daha fazla soru sorabilir miyim?
output590|Saat altı oldu.
output591|İstanbul'a ilk kez geliyorum.
output592|Herkese merhaba.
output593|Güzel bir gün geçiriyorum.
output594|Benimle gelmek ister misin?
output595|Beni takip eder misin?
output596|O kadar çok sevindim ki.
output597|Yavaş ol lütfen.
output598|Biraz bekler misin?
output599|Bugün işlerim çok yoğun.
output600|Bir su alabilir miyim?
output601|Burada çok fazla kişi var.
output602|Yardımcı olabileceğim bir şey var mı?
output603|Okul ne zaman başlıyor?
output604|Telefonum çalıyor.
output605|Hangi takımı tutuyorsun?
output606|Çok çalıştım ve yoruldum.
output607|Sana bir hediye aldım.
output608|Çalışmaya devam ediyorum.
output609|Hangi filmi izledin?
output610|Kahvaltı hazırladım, gelmek ister misin?
output611|O kitabı okumak istiyorum.
output612|Sana nasıl yardımcı olabilirim?
output613|Şu an çok meşgulüm.
output614|Köpeğimle yürüyüşe çıktım.
output615|Bunun ne kadar süreceğini bilmiyorum.
output616|Bugün hangi dersi çalıştın?
output617|Eve nasıl gidilir?
output618|Küçük bir hatam oldu.
output619|Güzel bir hafta sonu geçirdim.
output620|Nerede buluşalım?
output621|Her şey yolunda.
output622|Birlikte çalışmak çok keyifli.
output623|Bunu daha sonra yapalım.
output624|Çalışmalarımın sonucu çok iyi oldu.
output625|Bu hafta sonu tatile çıkacağım.
output626|Bir şeyler içmek ister misin?
output627|Bu şarkıyı çok seviyorum.
output628|Kalkmam gerek.
output629|Çalışmak için motivasyon bulamıyorum.
output630|Saat üçte görüşelim.
output631|Yavaşça anlatabilir misin?
output632|En sevdiğin renk nedir?
output633|Bunu hemen yapmalıyız.
output634|Beni arar mısın?
output635|Arkadaşlarım beni bekliyor.
output636|Biraz daha sabırlı olmalısın.
output637|Nerede yemek yiyeceğiz?
output638|Daha sonra konuşuruz.
output639|Dışarıda çok sıcak.
output640|Herkes çok neşeliydi.
output641|Bu sorunun cevabını biliyorum.
output642|Telefonumda çok mesaj var.
output643|Bunu seninle paylaşmak istiyorum.
output644|Ben de seni seviyorum.
output645|Herkes çok iyi çalıştı.
output646|Çok fazla seçenek var.
output647|Bugün hiç dışarı çıkmadım.
output648|Yanımda olmak çok güzel.
output649|Bunu unutmak istemiyorum.
output650|Yeni bir şeyler denemek istiyorum.
output651|Siz neler yapıyorsunuz?
output652|Tatilin nasıl geçti?
output653|Çok daha iyi hissediyorum.
output654|Birlikte vakit geçirmek çok eğlenceli.
output655|Çalışmam bitmek üzere.
output656|Bunu denemek için sabırsızlanıyorum.
output657|Yarın sabah erken kalkmam gerekiyor.
output658|Çok fazla işim var.
output659|Burası gerçekten çok güzel.
output660|Biraz dinlenmek iyi olacak.
output661|Bana biraz zaman ver.
output662|Çalışmalarımın tamamlanması uzun sürebilir.
output663|Beni tekrar görmek çok güzel.
output664|Bunu senin için hazırladım.
output665|Bu konuyu daha sonra konuşalım.
output666|Hikaye çok ilginçti.
output667|Yeni telefon aldım.
output668|Sinemaya gitmek istiyorum.
output669|Bu akşamki planların ne?
output670|Bugün çok yoruldum.
output671|Bu sabah kahvaltı yapmadım.
output672|Hava çok güzel, dışarıda gezelim.
output673|Çok dikkatli olmalısın.
output674|Bu çok zor bir soru.
output675|Kendi işimi kurmak istiyorum.
output676|Bu fikri çok beğendim.
output677|Biraz daha sabret lütfen.
output678|Tatilde çok eğlendim.
output679|Yavaş ol, acele etme.
output680|Bunu mutlaka denemelisin.
output681|Daha fazla soru sormak istiyorum.
output682|Ne kadar sürecek?
output683|İşim bitti, seni bekliyorum.
output684|Benimle gelmek ister misin?
output685|Dışarıda yağmur yağıyor.
output686|Bunu hemen yapmamız gerekiyor.
output687|Birkaç günlüğüne tatile çıkıyorum.
output688|Bugün harika bir gün.
output689|Beni unutma, lütfen.
output690|Sizi görmek çok güzel.
output691|Bunun üzerine konuşalım.
output692|Birazdan dışarı çıkacağız.
output693|Bu akşam tiyatroya gideceğiz.
output694|Bugün işlerin nasıl gidiyor?
output695|Farklı bir şeyler denemek isterim.
output696|Sonsuza kadar arkadaş kalacağız.
output697|Bunun hakkında daha fazla bilgi edinmeliyim.
output698|Bu kadar çok iş var mı?
output699|Bu soruyu çözmek çok zor.
output700|Geceyi dışarıda geçireceğiz.
output701|Daha önce burada bulundun mu?
output702|Yolda bir şey oldu.
output703|Köpeğim çok oyuncudur.
output704|Bugün çok keyifli bir gün geçirdim.
output705|Beni aramayı unutma.
output706|Çalışma odam çok sessiz.
output707|Bugün çok güzel bir gün.
output708|Havanın nasıl olduğunu gördün mü?
output709|Akşam ne yapmak istersin?
output710|Bugün öğle yemeğinde ne yedin?
output711|Film izlemeyi sever misin?
output712|En sevdiğin renk nedir?
output713|Tatilde gitmek istediğin yer neresi?
output714|Sabahları erken kalkmayı severim.
output715|Gelecek hafta tatilde olacağım.
output716|Kitap okumak çok keyifli bir aktivitedir.
output717|Yeni bir dil öğrenmeye başladım.
output718|En son hangi filmi izledin?
output719|Yaz tatilinde denize girmeyi planlıyorum.
output720|Kışın kar yağmasını çok severim.
output721|Çalışma odasında çok sessiz bir ortam var.
output722|Yemek yapmayı öğreniyorum.
output723|Bugün çok yoğun bir gün geçirdim.
output724|Düzenli olarak spor yapıyorum.
output725|Sabah kahvesiz uyanamam.
output726|Öğle yemeği için dışarı çıkmayı düşünüyorum.
output727|Bahçemde çiçekler açmaya başladı.
output728|Doğa yürüyüşleri yapmayı çok seviyorum.
output729|En sevdiğim tatlı çikolatadır.
output730|Öğrenmek istediğim çok şey var.
output731|Ailemle vakit geçirmekten keyif alırım.
output732|Hangi tür müzikleri dinlersin?
output733|Sonunda işimi bitirdim.
output734|Gün batımını izlemek çok huzur verici.
output735|Sabahları yürüyüş yaparak güne başlamak hoşuma gidiyor.
output736|Yeni bir hobi edinmeyi düşünüyorum.
output737|Bu akşam bir arkadaşımın doğum günü var.
output738|Dışarıda hava gerçekten çok soğuk.
output739|Baharda ağaçlar çiçek açar.
output740|Yaz tatilini sabırsızlıkla bekliyorum.
output741|Yeni bir film izlemeyi düşünüyorum.
output742|Yıldızları izlemek çok hoş bir aktivitedir.
output743|Akşam yemeğinde ne pişireceğimi düşünüyorum.
output744|Bugün çok fazla yürüdüm.
output745|Dışarıda yağmur yağıyor.
output746|En sevdiğim yemek pizza.
output747|Sağlıklı olmak için spor yapmaya çalışıyorum.
output748|Bugün evde çalışmak zorundayım.
output749|Bu hafta sonu sinemaya gitmeyi planlıyorum.
output750|Kitap okumak her zaman eğlenceli olmuştur.
output751|Sabahları kahvaltı yapmadan evden çıkmam.
output752|Evde pizza yapmayı denemek istiyorum.
output753|Bilgisayar oyunlarını çok severim.
output754|Yılbaşı tatili için bir planım yok.
output755|Bu hafta çok yoğun bir programım var.
output756|Yeni bir telefon almayı düşünüyorum.
output757|Bugün biraz alışveriş yapmalıyım.
output758|Akşam dışarıda yemek yiyeceğiz.
output759|Kışın kayak yapmayı çok severim.
output760|Bahçede biraz vakit geçirdim.
output761|Evde tek başıma zaman geçirmek hoşuma gidiyor.
output762|Yaz tatilinde denize girmeyi planlıyorum.
output763|Dışarıda çok güzel bir gün.
output764|Kitapçıda çok güzel kitaplar var.
output765|Akşam yemeği için sebze çorbası yapmayı düşünüyorum.
output766|Doğal ürünleri tercih ediyorum.
output767|Bugün yoga yapmayı denedim.
output768|Çalışmak için biraz sessiz bir yer arıyorum.
output769|Bu sabah kahvaltımı dışarıda yaptım.
output770|Ailemle tatile gitmeyi çok seviyorum.
output771|Bugün pazara gitmeye karar verdim.
output772|Birlikte film izlemek çok eğlenceli.
output773|Bu yaz tatili için rezervasyon yaptım.
output774|Haftasonu gezisi yapmayı düşünüyorum.
output775|Akşam üzeri parkta yürüyüş yapacağım.
output776|Yavaşça koşarak sabahları güne başlıyorum.
output777|Yeni bir telefon almak istiyorum.
output778|Tatile çıktığımda fotoğraf çekmeyi çok severim.
output779|Kütüphanede sessiz bir ortamda çalışmak hoşuma gidiyor.
output780|En sevdiğim meyve çilektir.
output781|Gece yıldızları izlemeyi çok seviyorum.
output782|Hafta sonu arkadaşlarımın evine gideceğim.
output783|Film izlemek için akşamı bekliyorum.
output784|Bugün yeni bir bilgisayar aldım.
output785|Yavaşça yürüyerek parka gitmek çok keyifli.
output786|Yaz tatilinde deniz kenarında vakit geçirmek istiyorum.
output787|Akşam yemeğini dışarıda yemeyi planlıyorum.
output788|Birkaç hafta önce yeni bir telefon aldım.
output789|Sık sık müzik dinlerim.
output790|Bu sabah kahvaltıdan sonra yürüyüşe çıktım.
output791|Hafta sonu ailemle birlikte pikniğe gideceğiz.
output792|Kitap okumayı asla ihmal etmem.
output793|Sabahları yürüyüş yaparak güne başlamak hoşuma gidiyor.
output794|Akşamları erken yatmaya çalışırım.
output795|Spor salonuna kaydoldum ve her gün gidiyorum.
output796|Bugün çok güzel bir hava var.
output797|Gün sonunda rahatlamak için müzik dinlerim.
output798|Haftada bir kere sinemaya gitmeye karar verdim.
output799|Bu sabah bir arkadaşım bana sürpriz yaptı.
output800|Akşam yürüyüşe çıkmayı seviyorum.
output801|Bugün çok fazla çalışmam gerekti.
output802|Yine yeni bir proje üzerinde çalışıyorum.
output803|Yeni bir telefon almak istiyorum.
output804|Müzik dinlerken çalışmak daha verimli oluyor.
output805|Günü güzel geçirmek için dışarıda bir şeyler yapmak gerekir.
output806|Bu hafta sonu birkaç arkadaşım ile buluşacağım.
output807|Bu akşam sinemaya gitmek istiyorum.
output808|Kısa bir tatil yapmayı düşünüyorum.
output809|Günü birlikte geçirdiğimizde çok eğleniyoruz.
output810|Akşam için bir planım yok.
output811|Akşam yemeğini dışarıda yiyeceğiz.
output812|Baharda çiçekler açtığında park çok güzel olur.
output813|Bu hafta sonu bir doğa yürüyüşüne çıkacağım.
output814|Sinema biletini aldım, akşam izlemeye gideceğiz.
output815|Kitapçıda yeni çıkan kitapları inceledim.
output816|Yeni bir telefon almak istiyorum.
output817|Şehir merkezinde alışveriş yapmayı seviyorum.
output818|Bu sabah kahve içmeden güne başlayamıyorum.
output819|Çalışma alanımda her şey düzenli olmalı.
output820|Bugün biraz eğlenceli bir şeyler yapmak istiyorum.
output821|Yeni yıl için bir seyahat planım var.
output822|Yılbaşında ailemle birlikte olacağım.
output823|Haftasonu arkadaşlarım ile sinemaya gideceğiz.
output824|Bu akşam yazılım projeme devam edeceğim.
output825|Çalışmalarımda daha verimli olmak istiyorum.
output826|Sabahları kitap okumak hoşuma gidiyor.
output827|Yavaşça yürüyüş yapmak, zihni dinlendirmek için güzel bir yol.
output828|Bugün yoga dersine katılmayı planlıyorum.
output829|Geceye doğru serin bir hava var.
output830|Parkta yürüyüş yapmayı seviyorum.
output831|Çalışma odasında sessiz olmak rahatlatıcı.
output832|Bu hafta çok fazla çalışmak zorunda kaldım.
output833|Sabahları güne enerjik başlamak için spor yaparım.
output834|Bu akşam yemek için dışarı çıkacağım.
output835|Yeni bir hobi edinmeyi düşünüyorum.
output836|Hafta sonu uzun bir yürüyüş yapmayı planlıyorum.
output837|Akşamları bazen kitap okumayı tercih ederim.
output838|Yazın denize girmeyi sabırsızlıkla bekliyorum.
output839|Bu akşam dışarıda yemek yiyeceğiz.
output840|Yeni filmler izlemek için sabırsızlanıyorum.
output841|Kitap okumak için her zaman zaman ayırırım.
output842|Akşam sinemaya gitmeyi düşünüyorum.
output843|Bugün çok güzel bir hava var.
output844|Çalışma odasında sessiz bir ortamda çalışmayı seviyorum.
output845|Gece yıldızları izlemek çok huzur verici.
output846|Yaz tatilinde tatile çıkmayı planlıyorum.
output847|Baharda doğa yürüyüşleri yapmayı çok seviyorum.
output848|Akşam yemeği için pizza yapmayı planlıyorum.
output849|Evde rahat bir akşam geçirmek istiyorum.
output850|Baharda çiçekler açtığında dışarı çıkmayı severim.
output851|Yeni bir telefon almak istiyorum.
output852|Bu hafta sonu evde dinlenmeye karar verdim.
output853|Dışarıda yürüyüş yaparken müzik dinlemeyi seviyorum.
output854|Her sabah kahvaltı yapmadan evden çıkmam.
output855|Sabahları güne başlamak için sıcak bir kahve içerim.
output856|Hafta sonu sinemaya gitmeyi planlıyorum.
output857|Şehirdeki en sevdiğim kafe çok huzurlu.
output858|Bugün çok yoğun bir gün geçirdim.
output859|Akşam bir arkadaşımın doğum günü partisine katılacağım.
output860|Kitapçıda yeni çıkan kitapları inceledim.
output861|Yazın dışarıda piknik yapmayı çok seviyorum.
output862|Bu akşam yazılım projeme devam edeceğim.
output863|Sağlıklı yaşam için her gün spor yapmayı tercih ediyorum.
output864|Yavaşça yürüyüş yapmak her zaman rahatlatıcıdır.
output865|Kitap okumak, günün stresinden uzaklaşmanın harika bir yoludur.
output866|Haftasonu bir arkadaşımın doğum günü var.
output867|Şehirde yeni restoranlar keşfetmek çok eğlenceli.
output868|Akşamları bazen film izlemeyi tercih ederim.
output869|Doğada vakit geçirmek insanı dinlendirir.
output870|Bahçemde çeşitli çiçekler yetiştiriyorum.
output871|Her akşam bir şeyler pişirirken çok eğleniyorum.
output872|Yeni bir proje başlatmak için sabırsızlanıyorum.
output873|Akşamları genellikle yürüyüş yaparak dinlenirim.
output874|Bu akşam ailemle vakit geçireceğim.
output875|Çalışma odamda sakin bir ortamda çalışmayı tercih ederim.
output876|Yazın sahilde güneşlenmeyi çok seviyorum.
output877|Bahçemde organik sebzeler yetiştiriyorum.
output878|Öğle yemeği için dışarı çıkmayı düşünüyorum.
output879|Yavaşça yürüyüş yapmak, günün stresini atmamı sağlar.
output880|Kitap okumak, benim için en güzel hobilerden biri.
output881|Akşamları bir film izlemeyi seviyorum.
output882|Bugün gerçekten çok yoğun bir gündü.
output883|Sabahları kitap okuyarak güne başlamak hoşuma gidiyor.
output884|Dışarıda yürüyüş yaparken güneşin batışını izlemek çok keyifli.
output885|Spor yapmak vücudumu zinde tutuyor.
output886|  Yaz tatilinde denize girmeyi dört gözle bekliyorum.	  Bugün dışarıda yürüyüş yapmaya karar verdim.
output887|Sabahları güne enerjik başlamak için egzersiz yaparım.
output888|Akşam yemeği için sebze yemeği yapmayı düşünüyorum.
output889|Hafta sonu birkaç arkadaşım ile kahve içmeye gideceğiz.
output890|Yavaşça yürüyüş yapmak, zihni rahatlatmak için iyi bir yol.
output891|Kitapçıda çok güzel kitaplar buldum.
output892|Parkta yürürken kuşları dinlemek çok huzur verici.
output893|Bu sabah kahvaltıdan sonra bir süre dışarıda vakit geçirdim.
output894|Hafta sonu kamp yapmayı düşünüyorum.
output895|Bugün uzun bir yürüyüş yapacağım.
output896|Kitap okumak, zamanın nasıl geçtiğini anlamamanın en iyi yollarından biridir.
output897|Akşam yürüyüşüne çıkmayı planlıyorum.
output898|Bu yaz tatilinde deniz kenarında vakit geçirmek istiyorum.
output899|Bu hafta sonu yeni bir restoran keşfetmeye karar verdim.
output900|Parkta koşu yapmak, sağlığım için iyi oluyor.
output901|Gece yürüyüşlerinde her zaman bir müzik eşliğinde yürürüm.
output902|Sabahları işe gitmeden önce kahve içmek benim için bir alışkanlık.
output903|Yaz tatilinde yeni yerler keşfetmeyi planlıyorum.
output904|Sabahları güne kitap okuyarak başlamak çok keyifli.
output905|Akşamları rahatlamak için film izlerim.
output906|Bugün kahve içmeden asla başlamam.
output907|Akşamları bazen kitap okuyarak dinlenirim.
output908|Sağlıklı bir yaşam için her gün egzersiz yapmak gerekir.
output909|Yaz tatilinde sahilde güneşlenmeyi seviyorum.
output910|Gece yıldızları izlemek beni her zaman büyüler.
output911|Hafta sonu dışarıda piknik yapmayı düşünüyorum.
output912|Akşam yemeği için arkadaşımı davet ettim.
output913|Sabahları spor yaparak güne başlamak enerjik olmamı sağlıyor.
output914|Kitapçıda geçirdiğim zaman çok keyifli.
output915|Bugün dışarıda çok güzel bir hava var.
output916|Spor yapmak, günün stresini atmanın harika bir yoludur.
output917|Yavaşça yürüyüş yapmak, zihni dinlendirmek için güzel bir yöntem.
output918|Bugün sinemaya gitmeyi planlıyorum.
output919|Yazın tatile çıkmak istiyorum.
output920|Dışarıda yürüyüş yaparken doğanın tadını çıkarırım.
output921|Akşam sinemaya gitmek için sabırsızlanıyorum.
output922|Baharda doğada vakit geçirmek çok keyifli.
output923|Sabahları erken kalkarak güne başlamayı seviyorum.
output924|Bu hafta sonu çok eğlenceli geçecek gibi görünüyor.
output925|Kitap okumak, günün stresini atmanın en güzel yollarından biridir.
output926|Parkta yürüyüş yaparak rahatlıyorum.
output927|Yavaşça koşmak, sabahları güne başlamanın harika bir yoludur.
output928|Akşamları film izleyerek rahatlıyorum.
output929|Bugün yeni bir hobi edinmeyi düşünüyorum.
output930|Sabahları güne başlamadan önce sıcak bir çay içmek hoşuma gider.
output931|Bugün yazılım projeme devam edeceğim.
output932|Bahçemde çiçek yetiştirmek çok hoşuma gidiyor.
output933|Sinemaya gitmeyi dört gözle bekliyorum.
output934|Bugün çok güzel bir gün, dışarıda vakit geçirmek istiyorum.
output935|Akşam yemeği için dışarıda bir restorana gitmeyi planlıyorum.
output936|Bu sabah spor salonuna gitmeyi ihmal etmedim.
output937|Hafta sonu arkadaşlarımla buluşup sinemaya gideceğiz.
output938|Dışarıda yürüyüş yaparken kitap okumayı çok seviyorum.
output939|Çalışırken müzik dinlemek, konsantrasyonumu artırıyor.
output940|Yavaşça yürüyüş yapmak, günün stresinden kurtulmamı sağlıyor.
output941|Bugün çok eğlenceli bir gün geçirdim.
output942|Yavaşça koşmak, sabahları enerji verir.
output943|Kitap okurken zamanın nasıl geçtiğini anlamıyorum.
output944|Bahçemde organik sebzeler yetiştirmeyi planlıyorum.
output945|Her gün mutlaka kahve içerim.
output946|Akşamları sinemaya gitmek çok keyifli.
output947|Kitapçıda yeni kitaplar bulduğumda çok heyecanlanıyorum.
output948|Gece yatmadan önce rahatlatıcı bir şeyler yapmak hoşuma gider.
output949|Bu hafta sonu doğada vakit geçirmeyi planlıyorum.
output950|Bu sabah kahvaltımı dışarıda yaptım.
output951|Kitap okumak, her zaman zamanın nasıl geçtiğini anlamamamı sağlar.
output952|Bugün yeni bir hobi edinmeye karar verdim.
output953|Parkta yürüyüş yaparken insanın ruhu dinleniyor.
output954|Sabahları güne zinde başlamak için spor yaparım.
output955|Bugün dışarıda güzel bir gün, arkadaşlarımla buluşmayı planlıyorum.
output956|Güne başlarken bir fincan sıcak çay içmeyi severim.
output957|Yürüyüş yaparken çevremdeki doğayı daha çok takdir ediyorum.
output958|Yeni bir şehir keşfetmek, bana farklı perspektifler kazandırıyor.
output959|Güzel bir gün geçirmek için arkadaşlarımla dışarıda vakit geçiririm.
output960|Özellikle sabahları sessiz bir ortamda çalışmayı tercih ediyorum.
output961|Yeni bir hobiyi denemek, hayatı daha eğlenceli hale getiriyor.
output962|Sanat galerilerinde zaman geçirmek, içimi huzurla dolduruyor.
output963|Özellikle kış aylarında sıcak bir içecek içmek bana çok keyif veriyor.
output964|Güne erken başlamak, bana bütün gün için enerji sağlıyor.
output965|Denizin sesi, beni her zaman rahatlatır.
output966|Yavaşça yürüyerek düşüncelerimi toplarım.
output967|Zaman zaman, sadece doğayla baş başa kalmak isterim.
output968|İş sonrası kısa bir tatil yapmak zihnime iyi gelir.
output969|Her gün yeni bir şeyler öğrenmek, bana büyük bir mutluluk verir.
output970|Bahçemde çiçekler yetiştirmek, bana huzur verir.
output971|Sağlıklı yaşam alışkanlıkları geliştirmek, yaşam kalitemi artırıyor.
output972|Çalışırken müzik dinlemek, odaklanmama yardımcı oluyor.
output973|Yeni yerler keşfetmek, dünya hakkında daha fazla şey öğrenmemi sağlıyor.
output974|İnsanlarla sohbet etmek, bazen çok öğretici olabiliyor.
output975|Kendime zaman ayırmak, ruhsal sağlığımı korumama yardımcı olur.
output976|Fotoğrafçılık, hayata farklı bir açıdan bakmama olanak tanır.
output977|Doğa ile iç içe olmak, insanın ruhunu besler.
output978|Birçok farklı mutfak kültürünü denemek, yemek hakkında bilgi edinmemi sağlar.
output979|Eski kitapları okumak, bana nostaljik bir duygu verir.
output980|Yeni bir dil öğrenmek, beynimi aktif tutar.
output981|Spor salonunda vakit geçirmek, günün yorgunluğunu atmamı sağlar.
output982|Kitap yazmayı düşünmek, kendimi ifade etmenin bir yolu olarak beni heyecanlandırır.
output983|Bir müzik aleti çalmak, kendimi rahatlamış hissetmeme neden olur.
output984|İnsanların hikayelerini dinlemek, dünyaya bakış açımı değiştirir.
output985|Farklı sanat dallarını deneyimlemek, dünyayı daha renkli görmemi sağlar.
output986|Kendi küçük bahçemde meyve yetiştirmek, bana mutluluk verir.
output987|Dışarıda bir kafede vakit geçirmek, ruhumu dinlendirir.
output988|Özellikle tatillerde sakin yerleri tercih ederim.
output989|Aileyle birlikte yemek yapmak, keyifli anlar yaratır.
output990|Kendime bir hedef belirlemek, başarı için motive olmamı sağlar.
output991|Bilgisayar oyunları oynamak, bazen iyi bir eğlence olabilir.
output992|Seyahat etmek, farklı kültürleri tanımamı sağlar.
output993|Sabahları, güne başlamak için güzel bir yürüyüş yaparım.
output994|Doğayla baş başa kalmak, düşüncelerimi netleştirir.
output995|Sabahları egzersiz yapmak, sağlıklı kalmamı sağlar.
output996|Öğle tatillerinde bir parkta yürümek beni dinlendirir.
output997|Dışarıda vakit geçirmek, ruhumu yeniler.
output998|Akşamları, günün stresinden uzaklaşmak için kısa bir yürüyüş yaparım.
output999|Film izlerken hayatın farklı yönlerine dair düşüncelerim artar.
output1000|Sinema biletimi almak için önceden yer ayırtırım.
output1001|Gece yıldızları izlemek, içimi huzurla doldurur.
output1002|Bir müzik konserine katılmak, sosyal hayatta bana keyif verir.
output1003|Gitar çalmayı öğrenmek, bana özgün bir ifade biçimi sunuyor.
output1004|Yeni insanlar tanımak, dünyaya bakış açımı geliştirir.
output1005|Bahçemde yürümek, zihnimi rahatlatır.
output1006|Şu köşe yaz köşesi, şu köşe kış köşesi, ortada su şişesi.
output1007|Bir berber bir berbere gel beraber bir berber dükkanı açalım demiş.
output1008|Dal sarkar kartal kalkar, kartal kalkar dal sarkar.
output1009|O pikap, bu pikap, şu pikap.
output1010|Üç tunç tas has hoşaf.
output1011|Şemsi Paşa Pasajında sesi büzüşesiceler.
output1012|Kırk küp, kırkının da kulpu kırık küp.
output1013|Al bu takatukaları takatukacıya takatukalatmaya götür.
output1014|Şu yoğurdu sarımsaklasak da mı saklasak, sarımsaklamasak da mı saklasak?
output1015|Keşkekçinin keşkeklenmiş keşkek kepçesi.
output1016|Deyimler ve Atasözleri
output1017|Damlaya damlaya göl olur.
output1018|Bal bal demekle ağız tatlanmaz.
output1019|Gözden ırak olan gönülden de ırak olur.
output1020|İğneyi kendine çuvaldızı başkasına batır.
output1021|Ayağını yorganına göre uzat.
output1022|Kedinin boynuna ciğer asılmaz.
output1023|Hamama giren terler.
output1024|Ateş düştüğü yeri yakar.
output1025|Parayı veren düdüğü çalar.
output1026|Üzüm üzüme baka baka kararır.
output1027|Günlük Konuşma
output1028|Güneşli bir bahar sabahında parkta yürüyüş yapmak çok keyifli.
output1029|Yarın akşam arkadaşlarımla sinemaya gideceğiz.
output1030|Kahvaltıda taze simit ve peynir yedim.
output1031|Otobüs durağında beklerken yağmur başladı.
output1032|Annem pazardan taze sebze ve meyve almış.
output1033|Uzun Ünlüler ve Ünsüzler
output1034|Maalesef bugün toplantıya katılamayacağım.
output1035|Saat on ikide müsait olacağım.
output1036|Mühendislik fakültesinde okuyorum.
output1037|Süleymaniye Camii'nin minareleri çok yüksek.
output1038|Taahhütlü mektubunuz postanede bekliyor.
output1039|Yağmur yağınca sokaklar ıslandı.
output1040|Çocuğun elindeki oyuncağı düşürdü.
output1041|Değirmende öğütülen buğday un oldu.
output1042|Soğuk havalarda sıcak çorba içerim.
output1043|Dağların tepesinde kar var.
output1044|Çiçekçiden üç demet papatya aldım.
output1045|Japon şemsiyesi çok şık duruyor.
output1046|Şişedeki şurubu içmedi.
output1047|Çocuklar bahçede neşeyle oynuyor.
output1048|Jüri üyeleri projeleri değerlendiriyor.
output1049|İstiklal Caddesi'ndeki kalabalık hiç azalmıyor.
output1050|Müteahhit binanın inşaatını zamanında bitirdi.
output1051|Cumhurbaşkanlığı Külliyesi'ne ziyarete gittik.
output1052|Mütemadiyen aynı konuyu tekrarlıyor.
output1053|Müteşekkir olduğumu belirtmek isterim.
output1054|Bin dokuz yüz seksen beşte doğdum.
output1055|Yetmiş iki bin beş yüz otuz dört lira ödedim.
output1056|Saat on yedi otuz beşte toplantımız var.
output1057|Üç yüz altmış beş gün içinde tamamlanacak.
output1058|İki bin yirmi dördün ocak ayındayız.
output1059|Akşam yemeğinde ne pişireceksin?
output1060|Hangi otobüs Kadıköy'e gidiyor?
output1061|Kaçıncı katta oturuyorsunuz?
output1062|Ne zaman tatile çıkacaksınız?
output1063|Toplantı saat kaçta başlayacak?
output1064|Zürafanın züppece züğürt zürriyeti.
output1065|Çatalcalı çatal satıcısı çatalları çatlatırdı.
output1066|Şişli'de şişeci Şaşkın Şakir'in şişeleri.
output1067|Papadopulos papağana papa pijaması papazlara papyon paket yapmış.
output1068|Kartal kalkar dal sarkar, dal sarkar kartal kalkar.
output1069|Vurgu ve Tonlama
output1070|Lütfen kapıyı yavaşça kapatır mısın?
output1071|Hemen şimdi gelmelisin!
output1072|Ne güzel bir manzara...
output1073|Sakın geç kalma!
output1074|Aaa, seni burada göreceğimi hiç düşünmemiştim.
output1075|Düz Yazı
output1076|İstanbul Boğazı'nın iki yakasını birleştiren köprüler muhteşem görünüyor.
output1077|Karadeniz'in dalgalı suları tekneleri sallıyor.
output1078|Akdeniz'in masmavi suları insanı kendine hayran bırakıyor.
output1079|Ege'nin zeytinlikleri arasında huzur buluyorum.
output1080|Van Gölü'nün etrafındaki dağlar karla kaplı.
output1081|Sesli Harflerin Yoğun Kullanımı
output1082|Üzüntülü gözlerle uzaklara baktı.
output1083|İçimdeki ümitler eridi gitti.
output1084|Öğretmenimiz ödevlerimizi özenle inceledi.
output1085|Aklımdaki anılar canlandı.
output1086|Eski evimizin önündeki ıhlamur ağacı.
output1087|Meslek Terimleri
output1088|Doktor hastayı muayene etti.
output1089|Mimar projeyi tamamladı.
output1090|Öğretmen tahtaya yazı yazıyor.
output1091|Aşçı yemekleri hazırlıyor.
output1092|Avukat davayı kazandı.
output1093|Bugün hava çok güneşli.
output1094|Yarın akşama doğru yağmur bekleniyor.
output1095|Kar yağışı ulaşımı aksattı.
output1096|Rüzgar çok şiddetli esiyor.
output1097|Sis görüş mesafesini düşürdü.
output1098|Sevinçten gözleri doldu.
output1099|Üzüntüden konuşamıyordu.
output1100|Heyecanla sonucu bekledi.
output1101|Öfkeyle masaya vurdu.
output1102|Mutluluktan uçuyordu.
output1103|Patlıcanları közleyip kabuklarını soyun.
output1104|Soğanları ince ince doğrayın.
output1105|Tencereye iki kaşık zeytinyağı ekleyin.
output1106|Malzemeleri karıştırarak pişirin.
output1107|Üzerine maydanoz serpin.
output1108|Metrobüs durağında uzun kuyruklar oluştu.
output1109|Trafik ışıklarında bekledik.
output1110|Otobüs beş dakika rötarlı geldi.
output1111|Taksi şoförü kestirme yoldan gitti.
output1112|Vapurla karşıya geçtik.
output1113|Market arabasını doldurduk.
output1114|Kasada uzun süre bekledik.
output1115|İndirimli ürünleri aldık.
output1116|Fişi kontrol ettik.
output1117|Poşetleri zor taşıdık.
output1118|Sınavda başarılı olduk.
output1119|Ödevlerimi zamanında tamamladım.
output1120|Teneffüste arkadaşlarımla oynadık.
output1121|Kütüphanede ders çalıştık.
output1122|Laboratuvarda deney yaptık.
output1123|Futbol maçı çok heyecanlıydı.
output1124|Basketbol antrenmanına gidiyorum.
output1125|Yüzme havuzunda kulaç attım.
output1126|Voleybol turnuvası düzenlendi.
output1127|Tenis kortunda raket salladık.
output1128|Teknoloji
output1129|Bilgisayarım açılmıyor.
output1130|Telefonum şarj olmuyor.
output1131|İnternet bağlantısı koptu.
output1132|Yazıcıdan çıktı aldım.
output1133|Tabletin ekranı çizilmiş.
output1134|Otele rezervasyon yaptırdık.
output1135|Plajda güneşlendik.
output1136|Denizin tadını çıkardık.
output1137|Akşam yemeğinde balık yedik.
output1138|Tarihi yerleri gezdik.
output1139|Dedem hikaye anlatıyor.
output1140|Anneannem börek yapıyor.
output1141|Kardeşimle oyun oynuyoruz.
output1142|Babam işten geldi.
output1143|Halam bizi ziyarete gelecek.
output1144|Mevsimler
output1145|Bahar çiçekleri açtı.
output1146|Yazın sıcağı bunaltıyor.
output1147|Sonbaharda yapraklar döküldü.
output1148|Kışın kartopu oynadık.
output1149|İlkbahar yağmurları başladı.
output1150|Ev İşleri
output1151|Evi temizledik.
output1152|Çamaşırları astık.
output1153|Bulaşıkları yıkadık.
output1154|Ütü yaptık.
output1155|Yemek pişirdik.
output1156|Hayvanlar
output1157|Kedimiz süt içiyor.
output1158|Köpek havlıyor.
output1159|Kuşlar cıvıldıyor.
output1160|Balıklar yüzüyor.
output1161|Tavşan havuç yiyor.
output1162|Çiçekleri suladım.
output1163|Ağaçlar meyve verdi.
output1164|Çimenler uzamış.
output1165|Güller açmış.
output1166|Fidanları diktik.
output1167|Kırmızı kazak aldım.
output1168|Mavi gökyüzü çok güzel.
output1169|Sarı papatyalar topladık.
output1170|Yeşil çimen üzerinde oturduk.
output1171|Mor menekşeler açmış.
output1172|Sayılar ve Matematik
output1173|İki kere iki dört eder.
output1174|Üçgen çizdim.
output1175|Beşe beş yirmi beş.
output1176|Yedi artı sekiz on beş.
output1177|On bölü iki beş.
output1178|Piyano çalıyorum.
output1179|Şarkı söyledik.
output1180|Gitar kursuna yazıldım.
output1181|Konsere gittik.
output1182|Flüt çalmayı öğreniyorum.
output1183|Hastaneye gittik.
output1184|İlaçlarımı aldım.
output1185|Dişçiye gideceğim.
output1186|Başım ağrıyor.
output1187|Grip oldum.
output1188|Resim yapıyorum.
output1189|Kitap okuyorum.
output1190|Bahçeyle uğraşıyorum.
output1191|Dans ediyorum.
output1192|Fotoğraf çekiyorum.
output1193|Meslekler
output1194|Doktor muayene ediyor.
output1195|Öğretmen ders anlatıyor.
output1196|Aşçı yemek yapıyor.
output1197|Terzi elbise dikiyor.
output1198|Marangoz masa yapıyor.
output1199|Zaman İfadeleri
output1200|Sabah erkenden kalktım.
output1201|Öğlen yemek yedik.
output1202|Akşam televizyon izledik.
output1203|Gece geç yattım.
output1204|Dün sinemaya gittik.
output1205|Yön Tarifleri
output1206|Sağa dönün.
output1207|Düz devam edin.
output1208|Sola sapın.
output1209|Köşeyi dönün.
output1210|Karşıya geçin.
output1211|Duygusal İfadeler
output1212|Çok mutluyum.
output1213|Üzgün görünüyorsun.
output1214|Heyecanlandım.
output1215|Şaşkınlıkla baktım.
output1216|Kızgın görünüyordu.
output1217|Karışık Cümleler
output1218|Pencereden dışarı baktığımda yağmur yağıyordu.
output1219|Kitaplıktaki eski kitapları düzenledim.
output1220|Dolaptaki kıyafetleri ütüledim.
output1221|Balkondaki çiçekleri suladım.
output1222|Masadaki tabakları topladım.
output1223|Kütüphanedeki sessizlik insanı dinlendiriyor.
output1224|Üç şişe şurup şişede şişmiş.
output1225|Pazardan aldığım karpuz çok tatlı çıktı.
output1226|Merdivenleri ikişer ikişer çıktı.
output1227|Çayın yanında kurabiye güzel gider.
output1228|Papatya tarlasında koşarak ilerledi.
output1229|Kaplumbağa ile tavşan yarışa tutuşmuş.
output1230|Gökyüzünde yıldızlar parlıyor.
output1231|Şişli'deki şişeci Şahin'in işi şişe şişirmekmiş.
output1232|Otobüs durağında yarım saat bekledim.
output1233|Marangoz masayı üç günde tamamladı.
output1234|Karşıdan karşıya geçerken dikkatli olmalıyız.
output1235|Kedimiz bahçedeki kuşları izliyor.
output1236|İstanbul Boğazı'nda vapur turuna çıktık.
output1237|Yağmurlu havalarda şemsiyemi yanımda taşırım.
output1238|Dalından yeni koparılmış çilek çok lezzetliydi.
output1239|Bilgisayarın başında saatlerce çalıştı.
output1240|Fırından taze ekmek kokusu geliyor.
output1241|Uçurtmamız rüzgarda süzülüyor.
output1242|Dedemin anlattığı hikayeleri dinlemeyi çok seviyorum.
output1243|Zürafanın züppece zıplayışını seyrettik.
output1244|Öğretmenimiz ödevlerimizi kontrol etti.
output1245|Çamaşır makinesi gürültülü çalışıyor.
output1246|Balkondan deniz manzarası görünüyor.
output1247|Kahverengi köpek sokakta havlıyor.
output1248|Resim yapmayı çok seviyorum.
output1249|Kırlangıçlar gökyüzünde süzülüyor.
output1250|Doktor hastayı dikkatle muayene etti.
output1251|Annemin yaptığı börek çok lezzetli.
output1252|Şelaleye yaklaştıkça ses yükseliyor.
output1253|Kalemimi masada unutmuşum.
output1254|Televizyondaki film çok heyecanlıydı.
output1255|Marketten süt ve ekmek aldım.
output1256|Kapının zilini üç kere çaldı.
output1257|Bahçedeki çiçekler açmış.
output1258|Ormanda yürüyüş yapmak çok keyifli.
output1259|Bulutlar gökyüzünü kaplamış.
output1260|Telefonum şarj olurken bekliyorum.
output1261|Karpuz kabuğunu denize atmayın.
output1262|Trafik ışıklarında bekledik.
output1263|Müzik dinleyerek ders çalışıyorum.
output1264|Dolaptaki elbiselerimi düzenledim.
output1265|Çantamı evde unutmuşum.
output1266|Masa örtüsü lekelenmiş.
output1267|Kuşlar penceremin önünde cıvıldaşıyor.
output1268|Yemek pişerken güzel kokular geliyor.
output1269|Bisikletimi tamir ettirdim.
output1270|Parkta çocuklar oyun oynuyor.
output1271|Denizdeki dalgalar kıyıya vuruyor.
output1272|Güneş batarken gökyüzü kızıla boyandı.
output1273|Çiçekçiden üç demet papatya aldım.
output1274|Sokak lambası yanıp sönüyor.
output1275|Arkadaşımla telefonda konuştum.
output1276|Mavi balıklar akvaryumda yüzüyor.
output1277|Rüzgar ağaçların yapraklarını savuruyor.
output1278|Kedi minderin üzerinde uyuyor.
output1279|Kahvaltıda peynir ve zeytin yedim.
output1280|Saksıdaki çiçekleri suladım.
output1281|Kapının kilidini değiştirdik.
output1282|Müzik sesi uzaktan geliyor.
output1283|Arabamı yıkattım.
output1284|Gözlüğümü masada unuttum.
output1285|Kütüphanede kitap okuyorum.
output1286|Ayakkabılarımı boyattım.
output1287|Pencereden kar yağışını izliyorum.
output1288|Çaydanlık ocakta kaynıyor.
output1289|Kuşlar gökyüzünde uçuyor.
output1290|Dolmuş şoförü para üstünü verdi.
output1291|Sabah kahvemi içiyorum.
output1292|Çocuklar ip atlıyor.
output1293|Manavdan taze meyve aldık.
output1294|Sokak kedisini besledim.
output1295|Buzdolabı çalışmıyor.
output1296|Perdeler rüzgarda dalgalanıyor.
output1297|Çimlerin üzerinde piknik yaptık.
output1298|Balıkçı oltasını denize attı.
output1299|Güvercinler meydanda dolaşıyor.
output1300|Ekmek kızartma makinesi bozulmuş.
output1301|Radyoda güzel bir şarkı çalıyor.
output1302|Kırmızı kalemim kaybolmuş.
output1303|Şemsiyemi otobüste unuttum.
output1304|Dişçi randevum yarın sabah.
output1305|Köpeğim bahçede koşuyor.
output1306|Çamaşırları asan komşuyla konuştum.
output1307|Akşam yemeğinde makarna yedik.
output1308|Annem çamaşır yıkıyor.
output1309|Babam gazetesini okuyor.
output1310|Kardeşim ödevini yapıyor.
output1311|Pencereyi açıp odayı havalandırdım.
output1312|Beyaz kelebek çiçeğe kondu.
output1313|Kırlangıç yuvasını tamir ediyor.
output1314|Fırından sıcak pide aldım.
output1315|Sokak lambaları yanmaya başladı.
output1316|Kedim kucağımda mırlıyor.
output1317|Çocuklar parkta sallanıyor.
output1318|Vapurda çay içtik.
output1319|Kar taneleri pencereye vuruyor.
output1320|Dedem balkonda oturuyor.
output1321|Annemle pazara gittik.
output1322|Babam arabasını yıkıyor.
output1323|Öğretmen tahtaya yazı yazıyor.
output1324|Kuşlar bahçede dolaşıyor.
output1325|Çiçekler güzel kokuyor.
output1326|Karıncalar yiyecek taşıyor.
output1327|Güneş bulutların arkasından çıktı.
output1328|Rüzgar kapıyı çarptı.
output1329|Çaydanlık düdük çalıyor.
output1330|Kedim pencerenin önünde uyuyor.
output1331|Sokakta çocuklar top oynuyor.
output1332|Komşunun köpeği havlıyor.
output1333|Arkadaşımla parka gittik.
output1334|Sınıfta ders dinliyorum.
output1335|Mutfakta yemek pişiyor.
output1336|Bahçede çiçek dikiyorum.
output1337|Abim kitap okuyor.
output1338|Kardeşim resim yapıyor.
output1339|Annem örgü örüyor.
output1340|Babam televizyon izliyor.
output1341|Dedem gazete okuyor.
output1342|Kuşlar cıvıldaşıyor.
output1343|Kedi miyavlıyor.
output1344|Köpek kemik yiyor.
output1345|Balıklar akvaryumda yüzüyor.
output1346|Çiçekler açıyor.
output1347|Yapraklar dökülüyor.
output1348|Yağmur yağıyor.
output1349|Kar yağıyor.
output1350|Güneş parlıyor.
output1351|Rüzgar esiyor.
output1352|Dalga sesi geliyor.
output1353|Müzik sesi duyuluyor.
output1354|Çocuk gülüyor.
output1355|Bebek ağlıyor.
output1356|Araba geçiyor.
output1357|Otobüs duruyor.
output1358|Vapur düdük çalıyor.
output1359|Saat tik tak yapıyor.
output1360|Telefon çalıyor.
output1361|Kapı çarpıyor.
output1362|Pencere gıcırdıyor.
output1363|Su damlıyor.
output1364|Yemek pişiyor.
output1365|Çamaşır yıkanıyor.
output1366|Bulaşık makinesi çalışıyor.
output1367|Süpürge sesi geliyor.
output1368|Fare peyniri kemiriyor.
output1369|Karga çöplükte dolaşıyor.
output1370|Serçe ekmek kırıntısı topluyor.
output1371|Leylek yuvasına konuyor.
output1372|Martı balık tutuyor.
output1373|Kelebek uçuyor.
output1374|Arı çiçeğe konuyor.
output1375|Karınca yuvası yapıyor.
output1376|Tırtıl yaprak yiyor.
output1377|Örümcek ağ örüyor.
output1378|Salyangoz sürünüyor.
output1379|Sincap fındık topluyor.
output1380|Kirpi yürüyor.
output1381|Tavşan havuç yiyor.
output1382|Kaplumbağa ilerliyor.
output1383|Gül açıyor.
output1384|Papatya solüyor.
output1385|Menekşe kokuyor.
output1386|Zambak açıyor.
output1387|Lale büyüyor.
output1388|Karanfil açıyor.
output1389|Orkide çiçek açıyor.
output1390|Nergis kokuyor.
output1391|Sümbül açıyor.
output1392|Yasemin sarıyor.
output1393|Ağaç dallanıyor.
output1394|Çimen uzuyor.
output1395|Yaprak sararıyor.
output1396|Dal kırılıyor.
output1397|Kök salıyor.
output1398|Filiz veriyor.
output1399|Tohum çimleniyor.
output1400|Fidan büyüyor.
output1401|Meyve olgunlaşıyor.
output1402|Çiçek soluyor.
output1403|Bulut geçiyor.
output1404|Yıldız kayıyor.
output1405|Ay doğuyor.
output1406|Güneş batıyor.
output1407|Şimşek çakıyor.
output1408|Gök gürlüyor.
output1409|Dolu yağıyor.
output1410|Sis çöküyor.
output1411|Gökkuşağı çıkıyor.
output1412|Fırtına kopuyor.
output1413|Dalga vuruyor.
output1414|Nehir akıyor.
output1415|Şelale dökülüyor.
output1416|Göl dalgalanıyor.
output1417|Dere çağlıyor.
output1418|Yağmur damlıyor.
output1419|Kar eriyor.
output1420|Buz çözülüyor.
output1421|Su kaynıyor.
output1422|Buhar çıkıyor.
output1423|Rüzgar uğulduyor.
output1424|Yaprak hışırdıyor.
output1425|Dal sallanıyor.
output1426|Ateş çıtırdıyor.
output1427|Odun yanıyor.
output1428|Duman tütüyor.
output1429|Kömür közleniyor.
output1430|Alev yükseliyor.
output1431|Kıvılcım sıçrıyor.
output1432|Kül savruluyor.
output1433|Saat çalıyor.
output1434|Zil çınlıyor.
output1435|Düdük ötüyor.
output1436|Korna çalıyor.
output1437|Davul vuruluyor.
output1438|Zilli def çalınıyor.
output1439|Flüt üfleniyor.
output1440|Keman çalınıyor.
output1441|Piyano tınlıyor.
output1442|Gitar telleri titriyor.
output1443|Bebek gülümsüyor.
output1444|Çocuk koşuyor.
output1445|Adam yürüyor.
output1446|Kadın dans ediyor.
output1447|İhtiyar oturuyor.
output1448|Genç atlamış.
output1449|Öğrenci okuyor.
output1450|Öğretmen anlatıyor.
output1451|Doktor bakıyor.
output1452|Hemşire ölçüyor.
output1453|Aşçı pişiriyor.
output1454|Garson servis yapıyor.
output1455|Terzi dikiyor.
output1456|Berber kesiyor.
output1457|Marangoz çakıyor.
output1458|Boyacı boyuyor.
output1459|Şoför sürüyor.
output1460|Pilot uçuruyor.
output1461|Kaptan yüzdürüyor.
output1462|Balıkçı tutuyor.
output1463|Ressam çiziyor.
output1464|Heykeltıraş yontuyor.
output1465|Mimar çiziyor.
output1466|Mühendis hesaplıyor.
output1467|Bilgisayar çalışıyor.
output1468|Yazıcı basıyor.
output1469|Telefon çalıyor.
output1470|Televizyon gösteriyor.
output1471|Radyo söylüyor.
output1472|Hoparlör çınlıyor.
output1473|Marketten üç ekmek ve iki litre süt aldım.
output1474|Otuz iki yaşında yeni bir işe başladı.
output1475|Yedi yüz elli gram kıyma çektirdim.
output1476|On beş dakika sonra buluşalım.
output1477|Seksen metrekarelik bir ev kiraladık.
output1478|İki buçuk saat boyunca ders çalıştım.
output1479|Dört kişilik ailesiyle yaşıyor.
output1480|Doksan dokuz yıllık bir bina bu.
output1481|Üç yüz gram çikolata yetti bize.
output1482|Beş tane yumurta kırdım omlet için.
output1483|Para ve Fiyatlar
output1484|Bin beş yüz liraya yeni bir telefon aldı.
output1485|Otuz bin lira maaş alıyormuş.
output1486|İki milyon dört yüz bin liraya ev almışlar.
output1487|Yüz yirmi lira market alışverişine verdim.
output1488|Sekiz yüz elli lira elektrik faturası gelmiş.
output1489|On iki bin lira kredi çekmiş.
output1490|Üç yüz elli liraya dolmuş benzin deposu.
output1491|Yirmi beş bin lira taksitle ödenecek.
output1492|Kırk dokuz lira doksan kuruş tuttu.
output1493|Altı yüz liraya aylık doğalgaz geldi.
output1494|Tarihler
output1495|Bin dokuz yüz doksan beşte doğdum.
output1496|On sekiz Mart iki bin yirmide başladım işe.
output1497|Yirmi dört Kasım iki bin yirmi üçte evlendiler.
output1498|Bin sekiz yüz yetmiş üçte kurulmuş fabrika.
output1499|Otuz bir Aralık iki bin yirmi dörtte bitecek sözleşme.
output1500|On iki Eylül bin dokuz yüz seksen de olmuş.
output1501|İki bin on sekizde mezun oldum.
output1502|Yirmi altı Ağustos bin dokuz yüz yirmi ikide kazanıldı.
output1503|Üç Kasım iki bin yirmi ikide taşındık.
output1504|Bin yedi yüz seksen dokuzda başlamış.
output1505|Saatler
output1506|Saat on buçukta buluşalım.
output1507|Yedi otuz trenine bineceğim.
output1508|On ikiye çeyrek var toplantı başlıyor.
output1509|Sekiz buçukta işe başlıyorum.
output1510|Üçü yirmi geçe çıkacağım.
output1511|Dokuzu çeyrek geçe uyanırım.
output1512|On bir buçukta yemek molası var.
output1513|Altıyı beş geçe kalktım.
output1514|İkide doktora gideceğim.
output1515|Dört buçukta ders bitiyor.
output1516|Ölçüler ve Miktarlar
output1517|İki metre yirmi santim boyunda.
output1518|Üç kilogram elma aldım.
output1519|On beş litre su içiyorum günde.
output1520|Yirmi sekiz derece hava sıcaklığı var.
output1521|Kırk iki numara ayakkabı giyiyor.
output1522|Altmış beş kilo verdim bir yılda.
output1523|Yüz on santimetre genişliğinde masa.
output1524|Seksen desibel ses çıkarıyor.
output1525|Otuz metre uzunluğunda bahçe.
output1526|Beş yüz gram şeker koydum.
output1527|Yüzdeler ve Kesirler
output1528|Yüzde seksen beş başarı oranı var.
output1529|Üçte iki çoğunluk gerekiyor.
output1530|Yüzde kırk üç indirim uygulandı.
output1531|Dörtte bir hissesi bana ait.
output1532|Yüzde doksan dokuz doğruluk payı var.
output1533|İki bölü üç hisse satıldı.
output1534|Yüzde altmış yedisi tamamlandı.
output1535|Beşte üç oranında karışım.
output1536|Yüzde otuz beş kar payı.
output1537|Sekizde bir pay düşüyor.
output1538|Sıralamalar
output1539|Birinci sınıfta okuyor.
output1540|On ikinci katta oturuyoruz.
output1541|Üçüncü sırada bekliyorum.
output1542|Yirmi altıncı bölüme geldim.
output1543|Sekizinci sınıfı bitirdi.
output1544|Kırkıncı yıl kutlaması yapacağız.
output1545|İki yüz ellinci kişi sensin.
output1546|Beşinci kez deneyeceğim.
output1547|On üçüncü şubeyi açtılar.
output1548|Yedinci ayda tatile çıkacağız.
output1549|Telefon ve Numaralar
output1550|Beş yüz on dört numaralı otobüs.
output1551|İki yüz otuz altı numaralı daire.
output1552|Bin yüz yirmi üç sokakta oturuyorum.
output1553|Üç yüz kırk sekiz numara ayakkabı.
output1554|Dört bin iki yüz on posta kodu.
output1555|Altı yüz on iki numara verdiler.
output1556|Dokuz bin üç yüz kapı numarası.
output1557|Yedi yüz yirmi dört numaralı telefon.
output1558|İki bin üç yüz kırk beş kimlik numarası.
output1559|Sekiz yüz altmış üç plakalı araç.
output1560|Spor ve Yarışmalar
output1561|Doksan dakikalık maç bitti.
output1562|Üç yüz metre koşu yapacağız.
output1563|On bir kişilik takım kurduk.
output1564|Seksen dört sayı attı bu sezon.
output1565|Yüz yirmi kiloda şampiyon oldu.
output1566|İki yüz elli sporcu katıldı.
output1567|Kırk beş dakika antrenman yaptım.
output1568|Altı sayı farkla kazandık.
output1569|On üç gol attı bu sezon.
output1570|Yetmiş iki takım katıldı turnuvaya.
output1571|Eğitim ve Okul
output1572|Otuz iki öğrenci var sınıfta.
output1573|Dört yüz sayfalık kitabı bitirdim.
output1574|Seksen beş aldım sınavdan.
output1575|Yirmi üç öğretmen görev yapıyor.
output1576|İki yüz kişilik konferans salonu.
output1577|Kırk beş dakika ders işledik.
output1578|Üç tane sınav yapılacak.
output1579|Altmış kişilik sınıf açıldı.
output1580|On beş dakika teneffüs var.
output1581|Yedi yüz öğrenci mezun oldu.
output1582|Yemek ve Tarifler
output1583|İki yumurta kırın önce.
output1584|Üç su bardağı un ekleyin.
output1585|Yüz gram tereyağı eritin.
output1586|Dört kaşık şeker koyun.
output1587|Yarım saat pişirin.
output1588|İki buçuk bardak süt.
output1589|Üç çay kaşığı tuz.
output1590|On beş dakika dinlendirin.
output1591|Yedi bardak su ekleyin.
output1592|Çeyrek çay kaşığı tarçın.
output1593|Ulaşım ve Mesafeler
output1594|İki saat sürdü yolculuk.
output1595|Üç yüz kilometre yol gittik.
output1596|On beş dakika gecikti uçak.
output1597|Seksen kilometre hızla gidiyordu.
output1598|Bin metre yükseklikte uçuyor.
output1599|Dört saatlik yol kaldı.
output1600|Altmış dakika bekledik durakta.
output1601|Yüz yirmi kilometre mesafe var.
output1602|İki bin metre irtifada.
output1603|Kırk beş dakikalık rötarla kalktı.
output1604|İş ve Çalışma
output1605|Sekiz saat mesai yaptım.
output1606|Otuz gün izin hakkım var.
output1607|On iki yıldır çalışıyorum.
output1608|Kırk kişilik ekip kurduk.
output1609|Beş gün çalışıyoruz.
output1610|Yüz elli kişi işe alınacak.
output1611|İki vardiya çalışıyoruz.
output1612|Altı aylık deneme süresi.
output1613|Doksan gün sürecek proje.
output1614|Üç yüz kişilik fabrika.
output1615|Teknoloji ve Elektronik
output1616|Otuz iki gigabayt hafıza.
output1617|Bin sekiz yüz watt güç.
output1618|On altı megapiksel kamera.
output1619|Dört çekirdekli işlemci.
output1620|Yüz yirmi hertz ekran.
output1621|İki terabayt harddisk.
output1622|Sekiz ram takılı.
output1623|Üç yüz watt güç kaynağı.
output1624|Altmış fps oyun çalıştırıyor.
output1625|On iki saat pil ömrü.
output1626|Ev ve Yaşam
output1627|Üç artı bir daire.
output1628|Yüz yirmi metrekare.
output1629|Dört kişilik aile.
output1630|İki banyo var.
output1631|On beş yıllık bina.
output1632|Altı katlı apartman.
output1633|Seksen bin lira kira.
output1634|Üç yüz bin lira depozito.
output1635|Dokuz pencereli salon.
output1636|İki balkonlu ev.
output1637|Doğa ve Hava Durumu
output1638|On beş derece sıcaklık var.
output1639|Yüz kilometre hızla esen rüzgar.
output1640|İki metre kar yağdı.
output1641|Otuz günlük yağış bekleniyor.
output1642|Seksen santimetre kar kalınlığı.
output1643|Üç gün fırtına sürecek.
output1644|Kırk derece sıcaklık olacak.
output1645|Beş günlük hava tahmini.
output1646|Yedi şiddetinde deprem.
output1647|İki yüz milimetre yağış.
output1648|Sağlık ve Tıp
output1649|Seksen kiloya düştüm.
output1650|Üç ilaç yazıldı.
output1651|On gün istirahat gerekiyor.
output1652|Yüz yirmi seksen tansiyonum.
output1653|İki doz aşı oldum.
output1654|Otuz günlük tedavi.
output1655|Dört saatte bir ilaç.
output1656|Doksan günlük rapor.
output1657|Altı ayda bir kontrol.
output1658|Yüz on şeker çıktı.
output1659|Etkinlik ve Organizasyon
output1660|İki yüz kişilik düğün.
output1661|Üç saat sürecek konser.
output1662|On beş kişilik toplantı.
output1663|Altmış kişi davet ettik.
output1664|Dört günlük festival.
output1665|Yüz elli kişilik salon.
output1666|Beş yıllık organizasyon.
output1667|Otuz dakikalık gösteri.
output1668|İki bin kişilik konser.
output1669|Yedi günlük etkinlik.
output1670|Hobi ve Eğlence
output1671|On iki bölümlük dizi.
output1672|İki saat otuz dakikalık film.
output1673|Üç yüz sayfalık roman.
output1674|Kırk beş dakikalık program.
output1675|Beş sezonluk dizi.
output1676|Altmış dakikalık konser.
output1677|Sekiz sayfalık hikaye.
output1678|Yüz parçalık puzzle.
output1679|On beş level geçtim.
output1680|İki yüz şarkılık playlist.
output1681|Genel Kullanım
output1682|Bin dokuz yüz altmış doğumlu.
output1683|On iki ayın sultanı.
output1684|Yedi gün yirmi dört saat.
output1685|Üç yüz altmış beş gün.
output1686|Kırk yıllık dostluk.
output1687|Seksen günde devrialem.
output1688|Beş vakit namaz.
output1689|Doksan dokuz isim.
output1690|İki yüz elli gram altın.
output1691|Bin bir gece masalları.
output1692|İş ve Kariyer
output1693|On yedi yıllık tecrübesi var.
output1694|Üç bin çalışanı olan bir şirket.
output1695|Kırk iki başvuru gelmiş pozisyona.
output1696|Sekiz saat mesai yapıyoruz.
output1697|İki yüz elli kişiyi işe alacaklar.
output1698|Doksan günlük deneme süresi var.
output1699|On beş kişilik ekip kurduk.
output1700|Yüz yirmi bin lira maaş istemiş.
output1701|Altı aylık performans değerlendirmesi.
output1702|Üç vardiya çalışıyoruz.
output1703|Eğitim ve Öğrenim
output1704|Seksen beş öğrencilik sınıf.
output1705|Üç yüz sayfalık tez yazdı.
output1706|On iki yıllık eğitim hayatı.
output1707|Kırk dakikalık ders işliyoruz.
output1708|Yedi farklı hoca giriyor sınıfa.
output1709|İki yüz kişi mezun oldu.
output1710|Altmış beş puan barajı var.
output1711|Dört sınav yapılacak bu dönem.
output1712|Yüz on beş kişilik amfi.
output1713|Otuz öğrenci staja gidecek.
output1714|Sağlık ve Tıp
output1715|Yüz yirmi kalp atışı ölçüldü.
output1716|İki hafta istirahat verildi.
output1717|Üç doz ilaç kullanacaksın.
output1718|Seksen iki kilo geldi hasta.
output1719|On beş günde bir kontrol.
output1720|Dört yüz hasta bakıyor günde.
output1721|Altı saatte bir ateş ölçümü.
output1722|Doksan üç yaşında hala dinç.
output1723|Yedi farklı vitamin içeriyor.
output1724|İki yüz elli gram şeker ölçüldü.
output1725|Ev ve Yaşam
output1726|Üç artı bir eve çıktık.
output1727|Yüz elli metre kare daire.
output1728|On iki yıllık eşyalar.
output1729|Dört kişilik aile.
output1730|Seksen bin lira kira.
output1731|İki balkonlu ev.
output1732|Otuz yıllık bina.
output1733|Beş katlı apartman.
output1734|Yüz yirmi dairelik site.
output1735|Üç yüz bin lira depozito.
output1736|Alışveriş ve Ticaret
output1737|Bin beş yüz liraya aldım.
output1738|İki kilo elma tartıldı.
output1739|Üç yüz gram peynir.
output1740|On beş taksit yapıldı.
output1741|Yirmi indirim uygulandı.
output1742|Sekiz parça eşya aldık.
output1743|Dört yüz lira para üstü.
output1744|Altmış gün vade.
output1745|Doksan günlük iade hakkı.
output1746|Yüz elli liraya pazarlık ettim.
output1747|Teknoloji ve Elektronik
output1748|Sekiz gigabayt ram takılı.
output1749|İki terabaytlık harddisk aldım.
output1750|Yüz yirmi hertz monitör.
output1751|Dört çekirdekli işlemci var.
output1752|On iki megapiksel kamera.
output1753|Üç bin mAh batarya.
output1754|Altmış watt adaptör.
output1755|Dokuz inç ekran boyutu.
output1756|Bin sekiz yüz liraya kulaklık.
output1757|Yirmi dört port switch.
output1758|Spor ve Egzersiz
output1759|Doksan dakikalık maç.
output1760|Üç set oynadık.
output1761|On iki kilometrelik koşu.
output1762|Seksen kilo kaldırdı.
output1763|İki yüz sporcu katıldı.
output1764|Otuz şınav çektim.
output1765|Beş gol attı bu maçta.
output1766|Yüz metre sürat koşusu.
output1767|Kırk beş dakika yüzdüm.
output1768|Altı antrenman yaptık.
output1769|Yemek ve Mutfak
output1770|İki su bardağı un.
output1771|Üç yemek kaşığı yağ.
output1772|Yüz gram tereyağı.
output1773|On dakika pişirdim.
output1774|Dört kişilik tarif.
output1775|Yarım kilo kıyma.
output1776|Sekiz dilim ekmek.
output1777|Üç çay kaşığı tuz.
output1778|Yirmi beş dakika fırında.
output1779|Bir buçuk litre su.
output1780|Ulaşım ve Seyahat
output1781|İki saat sürdü yol.
output1782|Üç yüz kilometre mesafe.
output1783|On beş dakika gecikme.
output1784|Doksan kilometre hız.
output1785|Beş durak gideceğiz.
output1786|Yüz yirmi lira yakıt.
output1787|Dört günlük tatil.
output1788|Altmış kişilik otobüs.
output1789|Bin metre irtifa.
output1790|Yedi saatlik uçuş.
output1791|Hava ve Çevre
output1792|Yirmi derece sıcaklık.
output1793|İki metre kar yağdı.
output1794|Yüz kilometre rüzgar.
output1795|Otuz günlük tahmin.
output1796|Beş gün yağmur.
output1797|Seksen nem oranı.
output1798|Üç günlük fırtına.
output1799|On iki saatlik güneş.
output1800|Kırk beş derece sıcak.
output1801|Dört şiddetinde deprem.
output1802|Finansal İşlemler
output1803|On bin lira kredi.
output1804|İki yüz elli lira taksit.
output1805|Üç ay ödemesiz.
output1806|Altmış ay vade.
output1807|Bin lira komisyon.
output1808|Yirmi faiz oranı.
output1809|Dört yüz lira aidat.
output1810|Seksen bin lira birikim.
output1811|On beş maaş ikramiye.
output1812|Yüz elli lira kesinti.
output1813|Zaman ve Takvim
output1814|Sekiz buçukta başla.
output1815|Üç çeyrek sürdü.
output1816|On iki ay taksit.
output1817|Yirmi dört saat açık.
output1818|Altı ayda bir kontrol.
output1819|Doksan gün süre.
output1820|İki hafta izin.
output1821|Kırk beş dakika mola.
output1822|Yedi gün tatil.
output1823|Beş vardiya sistem.
output1824|İnşaat ve Yapı
output1825|Üç artı bir daire.
output1826|İki yüz metrekare.
output1827|On katlı bina.
output1828|Dört bloklu site.
output1829|Seksen daire var.
output1830|Altı metre tavan.
output1831|Yüz yirmi santim kapı.
output1832|Bin metrekare arsa.
output1833|Otuz santim duvar.
output1834|İki metre koridor.
output1835|Eğlence ve Etkinlik
output1836|Yüz kişilik salon.
output1837|İki saat otuz dakika film.
output1838|On beş şarkı söyledi.
output1839|Altmış dakika stand-up.
output1840|Dört günlük festival.
output1841|Sekiz oyuncu sahnede.
output1842|Üç perdeli oyun.
output1843|Yirmi dakika ara.
output1844|Bin kişilik konser.
output1845|Beş yüz bilet satıldı.
output1846|Okul ve Akademi
output1847|Otuz iki öğrenci.
output1848|Dört sınav yapıldı.
output1849|Yüz puan aldım.
output1850|İki dönem kaldı.
output1851|Seksen beş ortalama.
output1852|On beş tatil başladı.
output1853|Üç ödev verildi.
output1854|Altmış dakika sınav.
output1855|Yedi ders günde.
output1856|Doksan kredili ders.
output1857|Sağlık ve Spor
output1858|Yetmiş kilo verdi.
output1859|Üç öğün yemek.
output1860|On bin adım yürü.
output1861|İki litre su iç.
output1862|Seksen nabız ölçüldü.
output1863|Dört ilaç yazıldı.
output1864|Yüz yirmi tansiyonu.
output1865|Altı ay diyet.
output1866|Doksan günlük program.
output1867|Beş antrenman haftada.
output1868|Alışveriş ve Market
output1869|İki kilo domates.
output1870|Üç yüz gram peynir.
output1871|On ekmek aldım.
output1872|Dört litre süt.
output1873|Yüz gram zeytin.
output1874|Altı şişe su.
output1875|Seksen lira tuttu.
output1876|İki düzine yumurta.
output1877|Bin lira market.
output1878|Beş poşet doldu.
output1879|Ev İşleri
output1880|Üç saat temizlik.
output1881|İki kez süpürdüm.
output1882|On beş çamaşır.
output1883|Dört pencere sildim.
output1884|Yüz metre halı.
output1885|Altı bardak kırıldı.
output1886|Sekiz saat sürdü.
output1887|İki dolap düzenledim.
output1888|Otuz tabak yıkandı.
output1889|Beş çarşaf ütüledim.
output1890|İş Hayatı
output1891|Kırk saat mesai.
output1892|Üç toplantı yaptık.
output1893|On beş kişi katıldı.
output1894|İki yüz sayfa rapor.
output1895|Altmış mail geldi.
output1896|Dört proje bitti.
output1897|Yüz kişilik ekip.
output1898|Sekiz saat çalıştım.
output1899|Bin lira prim.
output1900|Beş gün eğitim.
output1901|Yemek Tarifleri
output1902|İki yumurta kır.
output1903|Üç kaşık şeker.
output1904|Yüz gram tereyağı.
output1905|Dört bardak un.
output1906|On dakika karıştır.
output1907|Altı kişilik tarif.
output1908|Seksen derece fırın.
output1909|İki saat marine.
output1910|Otuz dakika pişir.
output1911|Beş malzeme lazım.
output1912|Spor Müsabakaları
output1913|Doksan dakika oynadı.
output1914|İki gol attı.
output1915|Üç sarı kart gördü.
output1916|On bir oyuncu.
output1917|Seksen dakika koştu.
output1918|Dört faul yaptı.
output1919|Yüz metre koşu.
output1920|Altı takım katıldı.
output1921|Bin seyirci vardı.
output1922|Beş maç kazandı.
output1923|Bahçe ve Tarım
output1924|On ağaç diktik.
output1925|İki dönüm arazi.
output1926|Üç yüz domates fidesi.
output1927|Dört kilo gübre.
output1928|Seksen metre tel.
output1929|Altı saat suladım.
output1930|Yüz çiçek açtı.
output1931|İki hafta büyüdü.
output1932|Otuz kilo ürün.
output1933|Beş çeşit meyve.
output1934|Trafik ve Araç
output1935|Yüz kilometre hız.
output1936|İki saat park.
output1937|Üç araç çarpıştı.
output1938|On litre benzin.
output1939|Seksen bin kilometre.
output1940|Dört lastik değişti.
output1941|Altmış bin değeri.
output1942|İki bin motor.
output1943|Otuz araç sırada.
output1944|Beş yıllık araç.
output1945|Telefon ve İletişim
output1946|Üç saat konuştuk.
output1947|İki hat aldım.
output1948|Yüz mesaj geldi.
output1949|Dört numara değiştirdim.
output1950|Seksen lira fatura.
output1951|Altı arama cevapsız.
output1952|On gigabayt internet.
output1953|İki yıllık sözleşme.
output1954|Bin dakika bedava.
output1955|Beş kişiyi aradım.
output1956|Sinema ve Film
output1957|İki saat film.
output1958|Üç bilet aldık.
output1959|Yüz kişilik salon.
output1960|On film izledik.
output1961|Seksen lira bilet.
output1962|Dört salon dolu.
output1963|Altmış saniye reklam.
output1964|İki hafta vizyonda.
output1965|Otuz dakika ara.
output1966|Beş film çekilmiş.
output1967|Kitap ve Okuma
output1968|İki yüz sayfa kitap.
output1969|Üç cilt almış.
output1970|On kitap okudum.
output1971|Dört saat okudum.
output1972|Seksen sayfa kaldı.
output1973|Altı kitap serisi.
output1974|Yüz liraya aldım.
output1975|İki bölüm bitirdim.
output1976|Otuz sayfa özet.
output1977|Beş yazar gelecek.
output1978|Oyun ve Eğlence
output1979|On level geçtim.
output1980|İki saat oynadım.
output1981|Üç yüz puan topladım.
output1982|Dört oyuncu var.
output1983|Seksen level var.
output1984|Altı bölüm bitti.
output1985|Yüz skor yaptım.
output1986|İki bin altın topladım.
output1987|Otuz dakika sürdü.
output1988|Beş oyun kurdum.
output1989|Müzik ve Ses
output1990|Üç şarkı söyledi.
output1991|İki albüm çıkardı.
output1992|Yüz desibel ses.
output1993|On konser verdi.
output1994|Seksen dakika çaldı.
output1995|Dört enstrüman.
output1996|Altmış kişilik koro.
output1997|İki saat prova.
output1998|Otuz şarkılık liste.
output1999|Beş yıl eğitim.
output2000|Dans ve Hareket
output2001|İki tur döndük.
output2002|Üç dans bildim.
output2003|On adım ilerle.
output2004|Dört saat dans.
output2005|Seksen kişi katıldı.
output2006|Altı figür var.
output2007|Yüz kalori yakıldı.
output2008|İki yarışma kazandı.
output2009|Otuz dakika ders.
output2010|Beş dans türü.
output2011|Resim ve Sanat
output2012|İki tablo yaptım.
output2013|Üç sergi açtı.
output2014|On eser sergilendi.
output2015|Dört saat çizdim.
output2016|Seksen resim var.
output2017|Altı renk kullandım.
output2018|Yüz eskiz çizdim.
output2019|İki bin lira değeri.
output2020|Otuz santim boyutu.
output2021|Beş yıl çalıştım.
output2022|Tamir ve Bakım
output2023|İki saat sürdü.
output2024|Üç usta geldi.
output2025|On arıza çıktı.
output2026|Dört parça değişti.
output2027|Seksen lira işçilik.
output2028|Altı ay garanti.
output2029|Yüz lira malzeme.
output2030|İki kez bozuldu.
output2031|Otuz vida takıldı.
output2032|Beş yıl kullanım.
output2033|Giyim ve Tekstil
output2034|İki beden küçük.
output2035|Üç pantolon aldım.
output2036|On gömlek diktim.
output2037|Dört metre kumaş.
output2038|Seksen beden elbise.
output2039|Altı çift ayakkabı.
output2040|Yüz lira tişört.
output2041|İki takım elbise.
output2042|Otuz derece yıka.
output2043|Beş renk seçtim.
output2044|Parti ve Kutlama
output2045|İki pasta aldık.
output2046|Üç saat sürdü.
output2047|On kişi geldi.
output2048|Dört hediye verdim.
output2049|Seksen balon şişirdik.
output2050|Altı masa kurduk.
output2051|Yüz davetli vardı.
output2052|İki bin harcadık.
output2053|Otuz kişi dans etti.
output2054|Beş şarkı söyledik.
output2055|Çocuk ve Oyuncak
output2056|İki yaşında başladı.
output2057|Üç oyuncak aldım.
output2058|On çocuk oynuyor.
output2059|Dört saat uyudu.
output2060|Seksen santim boyu.
output2061|Altı kilo doğdu.
output2062|Yüz kelime biliyor.
output2063|İki diş çıkardı.
output2064|Otuz arkadaşı var.
output2065|Beş kitap okudum.
output2066|Hayvanlar
output2067|İki kedi sahiplendim.
output2068|Üç köpek gördüm.
output2069|On balık aldım.
output2070|Dört yavru doğurdu.
output2071|Seksen kuş uçtu.
output2072|Altı ay beslendi.
output2073|Yüz gram mama.
output2074|İki aşı yapıldı.
output2075|Otuz gün baktım.
output2076|Beş yıl yaşadı.
output2077|Bahis ve Şans
output2078|İki bilet aldım.
output2079|Üç numara tutturdum.
output2080|On lira yatırdım.
output2081|Dört kolon oynadım.
output2082|Seksen
output2083|Bahis ve Şans (devam)
output2084|Seksen bin kazandı.
output2085|Altı ay şansı yaver gitti.
output2086|Yüz bilet çekildi.
output2087|İki bin kişi katıldı.
output2088|Otuz yıldır oynuyor.
output2089|Düğün ve Organizasyon
output2090|İki yüz kişilik düğün.
output2091|Üç saat sürdü tören.
output2092|On masa kurduk.
output2093|Dört çeşit yemek.
output2094|Seksen bin lira masraf.
output2095|Altı kişilik orkestra.
output2096|Yüz elli davetli geldi.
output2097|İki düğün salonu.
output2098|Otuz kilo et sipariş edildi.
output2099|Beş katlı pasta yaptırdık.
output2100|Mobilya ve Dekorasyon
output2101|İki koltuk aldık.
output2102|Üç metre perde.
output2103|On sandalye dizildi.
output2104|Dört parça takım.
output2105|Seksen santim yükseklik.
output2106|Altı çekmeceli dolap.
output2107|Yüz watt aydınlatma.
output2108|İki bin lira mobilya.
output2109|Otuz metre halı.
output2110|Beş oda döşendi.
output2111|İnternet ve Sosyal Medya
output2112|İki bin takipçi.
output2113|Üç yüz beğeni geldi.
output2114|On post paylaştım.
output2115|Dört saat çevrimiçi.
output2116|Seksen megabit hız.
output2117|Altı hesap açtım.
output2118|Yüz yorum yazıldı.
output2119|İki video çektim.
output2120|Otuz dakika canlı yayın.
output2121|Beş link paylaştım.
output2122|Kırtasiye ve Ofis
output2123|İki kalem aldım.
output2124|Üç defter doldu.
output2125|On sayfa yazdım.
output2126|Dört klasör dosya.
output2127|Seksen yaprak kağıt.
output2128|Altı toner bitti.
output2129|Yüz sayfa çıktı.
output2130|İki zımba teli.
output2131|Otuz post-it.
output2132|Beş dolma kalem.
output2133|Fitness ve Spor Salonu
output2134|İki saat antrenman.
output2135|Üç set yaptım.
output2136|On tekrar squat.
output2137|Dört kilometre koştum.
output2138|Seksen kilo bench press.
output2139|Altı gün çalıştım.
output2140|Yüz kalori yaktım.
output2141|İki protein shake.
output2142|Otuz dakika kardio.
output2143|Beş farklı hareket.
output2144|Kuaför ve Güzellik
output2145|İki saat sürdü saç.
output2146|Üç renk boya.
output2147|On santim kestirdim.
output2148|Dört fön çekildi.
output2149|Seksen derece ısı.
output2150|Altı ay garantili.
output2151|Yüz lira verdim.
output2152|İki paket boya.
output2153|Otuz dakika manikür.
output2154|Beş tüp boya.
output2155|Emlak ve Gayrimenkul
output2156|İki daire sattım.
output2157|Üç yıl kredi.
output2158|On ev gezdik.
output2159|Dört oda bir salon.
output2160|Seksen metre kare.
output2161|Altı ay kira.
output2162|Yüz bin peşinat.
output2163|İki milyon değer.
output2164|Otuz yıl vadeli.
output2165|Beş katlı bina.
output2166|Fast Food ve Restoran
output2167|İki burger söyledim.
output2168|Üç porsiyon patates.
output2169|On dakika bekledim.
output2170|Dört kişilik masa.
output2171|Seksen lira hesap.
output2172|Altı şube var.
output2173|Yüz gram et.
output2174|İki litre kola.
output2175|Otuz santim pizza.
output2176|Beş çeşit sos.
output2177|Hastane ve Sağlık
output2178|İki doktor baktı.
output2179|Üç ilaç yazıldı.
output2180|On gün rapor.
output2181|Dört dikiş atıldı.
output2182|Seksen nabız.
output2183|Altı ay tedavi.
output2184|Yüz hasta bakıldı.
output2185|İki serum takıldı.
output2186|Otuz derece ateş.
output2187|Beş günde iyileşti.
output2188|Araba Servisi
output2189|İki lastik değişti.
output2190|Üç arıza çıktı.
output2191|On bin kilometre bakım.
output2192|Dört saat sürdü.
output2193|Seksen litre yakıt.
output2194|Altı parça değişim.
output2195|Yüz bin kilometre.
output2196|İki bin lira masraf.
output2197|Otuz punto basınç.
output2198|Beş yıl garanti.
output2199|Çiçek ve Bitki
output2200|İki demet gül.
output2201|Üç saksı orkide.
output2202|On çeşit bitki.
output2203|Dört dal papatya.
output2204|Seksen santim boy.
output2205|Altı ay yaşadı.
output2206|Yüz tane açtı.
output2207|İki kilo toprak.
output2208|Otuz gün suladım.
output2209|Beş yaprak düştü.
output2210|Kargo ve Teslimat
output2211|İki koli gönderdim.
output2212|Üç gün sürdü.
output2213|On kilo ağırlık.
output2214|Dört adres var.
output2215|Seksen lira ücret.
output2216|Altı parça eşya.
output2217|Yüz teslimat yapıldı.
output2218|İki şube dolaştım.
output2219|Otuz dakika gecikme.
output2220|Beş kargo geldi.
output2221|Tatil ve Seyahat
output2222|İki hafta tatil.
output2223|Üç yıldızlı otel.
output2224|On gün kaldık.
output2225|Dört kişi gittik.
output2226|Seksen kilometre yol.
output2227|Altı valiz hazırladık.
output2228|Yüz euro harcadık.
output2229|İki şehir gezdik.
output2230|Otuz derece sıcak.
output2231|Beş plaj gördük.
output2232|Son Kategori
output2233|İki yüz elli gram.
output2234|Üç bin metre yükseklik.
output2235|On iki ay taksit.
output2236|Dört çeyrek dönem.
output2237|Seksen beş yaşında.
output2238|Altı milyon nüfus.
output2239|Yüz yirmi saniye.
output2240|İki bin yirmi dört.
output2241|Otuz üç yaşında.
output2242|Beş yüz cümle bitti.
output2243|1870'lerde bir kış mevsimi geçti anlatacağımız bu olay.
output2244|Aziz Nikolay Yortusu'nun ertesi günüydü.
output2245|Yortu köyün kilisesinde topluca kutlanmıştı.
output2246|Vasili Andreyiç Brehunov kiliseyi bir türlü bırakıp işlerinin başına dönemedi.
output2247|Tüccar, yortuyu daha sonra bir de evinde kutlayarak akraba ve tanıdıklarını ağırlamak zorundaydı.
output2248|Ancak evinden son konuklar gider gitmez yol hazırlığına koyuldu.
output2249|Komşu köyden bir toprak ağasının bir süre önce fiyatını kararlaştırdıkları korusunu almaya gidecekti.
output2250|Kentli tüccarlar bu yağlı parçayı elinden kapmadan bitirmeliydi işini.
output2251|Vasili Andreyiç koruya yedi bin ruble verdi diye toprak ağası fiyatı 10 bine yükseltmişti.
output2252|Aslına bakılırsa yedi bin ruble korunun değerinin yarısıydı.
output2253|Belki Vasili Andreyiç fiyatı on binden aşağı düşürebilirdi.
output2254|Çünkü koru, onun bulunduğu bucağın sınırları içindeydi.
output2255|Bir tüccar bir başkasının bucağında satılan malın fiyatını artıramazdı.
output2256|Ne var ki, il merkezindeki kereste tüccarları göz dikmişti Goryaçkino köyü korusuna.
output2257|Vasili Andreyiç onlardan önce davranıp toprak ağasıyla pazarlığı sonuca bağlamalıydı.
output2258|İşte bu yüzden Vasili Andreyiç sandıktaki yedi yüz rublesini çıkardı.
output2259|Avans olarak vereceği üç bini fazlasıyla tamamlamak için buna kilisenin iki bin beş yüz rublesini ekledi.
output2260|Özenle saydığı para destelerini cüzdanlarına yerleştirdikten sonra yol hazırlığına başladı.
output2261|Kızağı koşma işi Nikita'ya kalmıştı, çünkü Vasili Andreyiç'in o gün sarhoş olmayan tek uşağıydı.
output2262|Onun sarhoş olmayışının nedeniyse bir daha içki içmeye tövbe etmesiydi.
output2263|İki aydır ağzına içkinin damlasını koymamıştı zavallıcık.
output2264|Votkanın su gibi aktığı Aziz Nikolay yortusunun ilk iki gününde bile...
output2265|Nikita yakın bir köyden, yaşamını daha çok şunun bunun yanında uşaklık yaparak geçirdiği için evsiz-barksız sayılan, elli yaşlarında bir köylüydü.
output2266|Çalışkanlığı, işe yatkınlığı, güçlü kuvvetli oluşu, en çok da uysallığı yüzünden aranan bir işçiydi. Gelgelelim, yılda birkaç kez zil zurna kafayı çekerek nesi var, nesi yok sattığı için hiçbir yerde dikiş tutturamamıştı.
output2267|Daha da kötüsü, azgın, çekilmez bir adam olurdu içtiği zamanlar.
output2268|Vasili Andreyiç, onu evinden birkaç kez kovduğu halde, dürüstlüğü, evdeki hayvanlara özenle bakması, en çok da az ücretle çalışmasından ötürü yeniden yanına almıştı.
output2269|Nikita'ya yılda, böyle bir ırgatın gerçek değeri olan seksen ruble değil, ancak yarısını öderdi.
output2270|Onu da hesap-kitap tutmadan, bölük pörçük, daha çok dükk‰nından pahalı pahalı mal vererek...
output2271|Oysa Nikita, Marfa adında, becerikli bir kadınla evliydi.
output2272|Güzelliğini geçmiş yıllarda bırakan Marfa, delikanlı yaşında bir oğlu ve iki küçük kızıyla evini çekip çeviriyordu.
output2273|Kocasını eve almayışına gelince...
output2274|Birinci neden, yirmi yıldır başka köyden bir fıçıcı ustasıyla yaşaması; ikincisiyse ayıkken Nikita'yı parmağında oynattığı halde, sarhoşluğunda ondan şeytandan korkar gibi korkmasıydı.
output2275|Bir keresinde evde iyice kafayı çeken Nikita, ayık olduğu zamanki uysallığının acısını çıkarmak istediğinden midir nedir, baltayı kaptığı gibi karısının çeyiz sandığına saldırmış; ne kadar cicili bicili giysisi, çamaşırı varsa hepsini dilim dilim doğramıştı.
output2276|Nikita'nın ırgatlık ücreti karısına ödendiği halde onun buna hiç sesi çıkmazdı.
output2277|İşte, yortudan iki gün önce Marfa gene Vasili Andreyiç'in dükkanına gelmiş, hepsi topu topu üç ruble tutan buğday unu, çay, şeker, küçük bir şişe votka ve beş ruble para almıştı.
output2278|Vasili Andreyiç'ten en azından yirmi ruble daha alacakları olduğu halde, onun tüccara teşekkür edişini bir görmeliydiniz...
output2279|Ben sana "Karının her gelişinde şu kadar vereceğim" diye bir şey söyledim mi? derdi Vasili Andreyiç, Nikita'ya.
output2280|Bizde öyle "Sonra gel, al! Deftere yazdım! Sana şu kadar ceza kestim!" gibi şeyler yok.
output2281|İstediği zaman gelip alsın.
output2282|Biz dürüst adamız, kimsenin hakkını yemeyiz, bunu böyle bil!
output2283|Sen bana hizmet ettiğin sürece ben de seni bırakmam, aslanım.
output2284|Bunları söylerken Vasili Andreyiç, Nikita'ya babalık ettiğine iyice inanmış olmalıydı.
output2285|Neden derseniz; Nikita gibi, tüccar Vasili Andreyiç'in verdiği parayla geçinen insanlar, saygılı davranışlarıyla, onun kendilerini aldattığını düşünmek şöyle dursun, nerdeyse onun yardımıyla ayakta durdukları inancını pekiştiriyorlardı adamda.
output2286|Nikita da ona Dediklerinizi anlıyorum, Vasili Andreyiç, karşılığını verirdi.
output2287|Herhalde size karşı hizmette kusur etmiyorum.
output2288|Ancak öz babamın işine böyle canla başla koşardım.
output2289|Oysa Vasili Andreyiç'in onu aldattığını adı gibi bilirdi.
output2290|Ama ne yapsın zavallı, tüccarla hesabını açık açık yapamayacak olduktan sonra verileni almaktan başka çıkar yol var mıydı?
output2291|İşte böyle, Nikita, efendisinden kızağın koşulması buyruğunu alır almaz, her zamanki canıtezliğiyle samanlığın yolunu tuttu.
output2292|Ne kadar da istekli koşuyordu işe!
output2293|Kurşun gibi ağır, püsküllü koşum başlığını asılı durduğu yerden aldı, kantarmanın çıngıraklarını şıngırdatarak ahırın kapalı kapısına doğru yürüdü.
output2294|Kızağa koşulacak at ayrı olarak bekliyordu burada.
output2295|Sarı benekli, dolgun sağrılı, sülün gibi at selam verircesine hafifçe kişnedi onu görünce.
output2296|Bu orta boylu, koyu doru tayın tek başına orada duruşu Nikita'ya pek dokundu.
output2297|Ne o, canın mı sıkıldı? dedi.
output2298|Seni kerata, dışarı çıksan da doya doya koştursan, öyle değil mi?
output2299|Ama önce seni bir suvaralım bakalım...
output2300|Nikita, dilini anlayan bir yaratıkla konuşurcasına konuşuyordu erkek tayla.
output2301|Atın eyer vurula vurula ortası çukurlaşmış belinden, gürbüz omuzlarından tozu toprağı, gocuğunun eteğiyle şöyle bir silkeledi.
output2302|Sonra başlığı hayvanın kafasına geçirip kulaklarını, perçemini kayıştan kurtardı; yularını eline alarak atı sulamaya götürdü.
output2303|Ahırdaki diz boyu gübreden çıkar çıkmaz doru tay keyfe geldi, peşinden kuyuya doğru koşturan Nikita'ya vurmak istercesine, arka ayaklarıyla birkaç kez çifte attı.
output2304|Seni gidi seni, diye söylendi Nikita.
output2305|Tekmelerinin kirli gocuğunun eteklerine değmesinden öteye bir şey yapamayacağını bildiği için, Nikita doru tayın bu oyunundan pek hoşlanırdı.
output2306|Buz gibi sudan kana kana içen at derin bir soluk aldı, kıllı dudaklarından yalağa duru damlalar düşerken düşünceli düşünceli durdu, sonra gürültüyle pofurdadı.
output2307|Tamam mı? dedi, Nikita.
output2308|Daha fazla içmeyeceksen biz de bilelim.
output2309|Ama sonra gene istemek yok ha!..
output2310|Bunları ciddi ciddi söylerken doru tayın kendisini anlamasını istiyor gibiydi.
output2311|Sonra kişnemesiyle avluyu çınlatan, durmadan çifte atan hayvanı çeke çeke ambara doğru götürdü.
output2312|Avluda ondan başka ırgat yoktu.
output2313|Yalnızca aşçı kadının kocası gelmişti bayramlaşmaya.
output2314|Nikita onu görünce; Hey, iki gözüm, dedi.
output2315|Git de tüccar efendiye sor bakalım, büyük kızağı mı istiyor, yoksa ufağını mı?
output2316|Aşçının kocası yüksek taş temel üzerine yapılmış, sac damlı eve girdi; az sonra dışarı çıkarak Nikita'ya küçük kızağı koşmasını söyledi.
output2317|Nikita bu sırada atın boynuna hamutu geçirmiş, kabara döşemeli eyeri vurmuş; bir elinde cicili bicili boyunduruğu, öteki elinde de tayın yularını tutarak kızakların bulunduğu ambara doğru yürüyordu.
output2318|İyi, ufağı olsun bakalım, dedi; akıllı hayvanı kızağın okları arasına yanaştırdı.
output2319|Doru tay ısıracakmış gibi numaralar yaparken aşçının kocasıyla birlikte onu küçük kızağa koşmaya başladılar.
output2320|Dizginlerin takılmasından başka iş kalmayınca, Nikita, aşçının kocasını biraz saman ve kızak yaygısını getirmesi için ambara gönderdi.
output2321|Nikita adamın getirdiği taze yulaf samanını kızağın dibine döşerken at sinirli sinirli kıpırdandı.
output2322|Dur, sinirlenme bakayım, dedi Nikita.
output2323|Şu samanı döşeyelim önce, üstüne de yaygıyı serdik mi bu iş tamam.
output2324|Rahat rahat otursun bizim bey.
output2325|Dediği gibi yaptı, kızağın oturma yerine çepeçevre yaygıyı örttü.
output2326|Sonra aşçının kocasına döndü: Sağ ol, aslanım.
output2327|İkimiz bir olunca çabucak bitirdik.
output2328|Ucu tokalı kayış dizginleri elinde topladı, kızağın sürücü yerine çömeldi, yürümek için can atan doru tayı donmuş gübreler üstünden avlu kapısına doğru sürdü.
output2329|O sırada siyah gocuklu, yedi yaşlarında bir oğlan çocuğu; başında kışlık şapkası, ayaklarında yeni keçe çizmeleriyle evden dışarı fırladı.
output2330|Amca! Amca! Nikita amca.
output2331|Beni de al! diye bağırıyordu gocuğunun önünü düğmeleyerek.
output2332|Kızağı durduran Nikita; Koş koş, yavrucuğum! diye seslendikten sonra, efendisinin sevinçten zıp zıp zıplayan, cılız mı cılız oğlunu kızağa bindirdi.
output2333|Sokağa çıkmışlardı. Öğle üzeri 3 sularıydı.
output2334|Rüzgarlı, berbat bir hava vardı dışarda.
output2335|Ayaz derseniz, en azından eksi 10 dereceydi.
output2336|Göğün yarısını koyu bir bulut kaplamıştı.
output2337|Oysa avlunun içi o kadar sakindi ki!
output2338|Komşusunun ambarının damından savrulan karlar hamamın köşesinde burgaçlanarak dönüyordu.
output2339|Nikita kızağı avludan dışarı yeni çıkarmıştı ki, ağzında sigarasıyla Vasili Andreyiç evin kapısında belirdi.
output2340|Koyun derisinden kürkünü belinden kayışla sımsıkı bağlamıştı, meşinle kaplattığı keçe çizmelerinin altında, çiğnenmiş karla örtülü sahanlığın döşeme tahtaları gıcır gıcır ediyordu.
output2341|Vasili Andreyiç sigaradan bir soluk daha çektikten sonra izmariti yere atıp üstüne bastı; dışarda onu bekleyen kızağa şöyle bir baktıktan sonra, kürkünün yün kaplamalı yakası soluğundan nemlenmesin diye, tıraşlı kırmızı yanaklarından iki yana indirdi, ağzından buğular çıkara çıkara avlu kapısına doğru yürüdü.
output2342|O sırada kızakta oğlunu gördü.
output2343|Büyük bir sevinçle; Vay, yaramaz! dedi.
output2344|Hemen buraya da mı yetiştin? Konuklarıyla birlikte içtiği votka kanını kızıştırmıştı.
output2345|Hele yortuda yaşadığı olaylarla başardığı işler tüccarı bugün pek gururlandırıyordu.
output2346|"Varisim" diye düşündüğü oğlunu görmek ayrıca sevindirmişti onu.
output2347|Gözlerini kısıp uzun dişlerini göstere göstere güldü çocuğa bakarken.
output2348|Omuzlarını, başını sarıp sarmaladığı yün atkısının altından yalnızca gözleri gözüken, Vasili Andreyiç'in solgun yüzlü, sıska, gebe karısı, tüccarı uğurlamak için sahanlığa çıkmıştı.
output2349|Kocası yürüyünce arkasından şöyle seslendi: Nikita'yı da al diyorum sana!
output2350|Adam karısının sesinden pek hoşlanmıyor olacak ki, karşılık vermedi, kaşlarını öfkeyle çattı, yere tükürdü.
output2351|Parayla çıkıyorsun yola, dedi kadın aynı acıklı sesle.
output2352|Sonra baksana şu havaya! Fırtına kopacak nerdeyse.
output2353|Vasili Andreyiç,bir müşteriyle konuşurken yaptığı gibi, dudaklarını sıkıp sözcüklerin üstüne basarak; Yoksa yolu bilmiyorum da yanıma kılavuz mu alacağım? dedi.
output2354|Kadın atkısının ucunu omzuna attı.
output2355|Yalvarırım, ne olur! Tanrı aşkına al Nikita'yı da yanına!
output2356|Kene gibi yapıştın sen de...
output2357|Alıp da ne yapayım şu garibanı?
output2358|Nikita konuşulanları işitmişti.
output2359|Ben gelmeye hazırım, diye bağırdı.
output2360|Sonra neşeyle, efendisinin hanımına seslendi: Ama ahırdaki atları yemlemeyi unutmasınlar.
output2361|Kadın; Ben bakarım o işe.
output2362|Semyon'a söylerim, dedi.
output2363|E, gidiyor muyuz, Vasili Andreyiç? diye sordu Nikita, efendisinin buyruğunu bekleyerek.
output2364|Adam, uşağının yıllardır giyile giyile etekleri eprimiş, sırtında, koltuk altlarında kocaman delikler açılmış kirli gocuğuna bakarak gülümsedi, göz kırptı.
output2365|Anlaşıldı, kocakarının elinden kurtuluş yok.
output2366|Madem gelmek istiyorsun, git de sırtına kalınca bir şey giy.
output2367|Nikita, avluda duran aşçının kocasına seslendi: Gel, koçum, şu atı tutuver biraz.
output2368|Küçük oğlan soğuktan kızarmış ellerini ceplerinden çıkardı, buz gibi dizginlere yapıştı.
output2369|Ben tutarım... Ben tutarım...
output2370|Hemen geliyorum, Vasili Andreyiç.
output2371|Nikita böyle diyerek ayaklarının uçlarını içeri basa basa uşakların barakasına koştu.
output2372|Eskidikçe yama vurduğu keçe çizmeleri vardı ayaklarında.
output2373|Arinuşka, anacığım, ocağın üstündeki paltomu ver bana.
output2374|Efendiyle yola çıkıyorum. Kendisi de çividen kuşağını aldı.
output2375|Öğle uykusundan kalktıktan sonra kocası için semaver yakan aşçı kadın Nikita'nın telaşı karşısında kımıldandı; yüzünde bir gülümsemeyle ocağın üstünde kuruyan eski püskü, tiftiği çıkmış paltoyu aldı; elleriyle onu düzeltmeye, silkelemeye başladı.
output2376|E, demek kocanla günün tadını çıkaracaksın, ha...
output2377|Yüz yüze geldiği aşçı kadına hoş bir şey söylemiş olmak için söylemişti bunu Nikita.
output2378|Zaten içeri çekik olan karnını daha da içeri çekerek incecik, partal kuşağını gocuğunun üstünden sımsıkı doladı, ucunu beline soktu.
output2379|Ha şöyle! Şimdi bir daha çıkar mısın bakalım!...
output2380|Bunları aşçının karısına söylemekten çok kuşakla konuşur gibi söylemişti.
output2381|Kolları serbest olsun diye omuzlarını şöyle bir yukarı aşağı oynattı, gocuğun üstünden paltosunu giydi.
output2382|Sonra kollarında rahatlık sağlamak için sırtını kamburlaştırıp gerindi; ellerini koltuk altlarına sokarak oradan elliklerini çıkardı.
output2383|Eh, şimdi tamam.
output2384|Hey, Nikita Stepaniç, dedi aşçı kadın.
output2385|Şu çizmelerini de değiştirseydin ya...
output2386|Nikita aklına bir şey gelmiş gibi durdu.
output2387|İyi olur ama gideceğim yer uzak değil, dedi, kızağa doğru seğirti.
output2388|Kızağın yanına varmıştı ki, evin hanımı arkasından seslendi: Nikita, böyle üşümezsin ya?
output2389|Ne üşümesi, yanıyorum vallahi!..
output2390|Kızağın önüne oturduktan sonra ayaklarını samanla örttü, acar ata gerekmeyeceği için kamçıyı yaygının altına soktu.
output2391|Üst üste iki kürk giymiş olan Vasili Andreyiç kızağın yarı kapalı arkasını nerdeyse tek başına doldurmuştu.
